DATE,TIME,HOUR,DATE-12,TIME-12,HOUR-12,AUTO ID*,Treatment,Side,Pass
7/17/21,22:55:53,22,7/17/21,10:55:53,10,EPTFUS,Reference,W,1
7/17/21,23:17:49,23,7/17/21,11:17:49,11,EPTFUS,Reference,W,1
7/17/21,23:13:43,23,7/17/21,11:13:43,11,EPTFUS,Reference,W,1
7/17/21,22:43:26,22,7/17/21,10:43:26,10,EPTFUS,Reference,W,1
7/17/21,23:35:23,23,7/17/21,11:35:23,11,EPTFUS,Reference,W,1
7/17/21,23:57:42,23,7/17/21,11:57:42,11,EPTFUS,Reference,W,1
7/17/21,21:27:16,21,7/17/21,9:27:16,9,EPTFUS,Reference,W,1
7/17/21,23:29:10,23,7/17/21,11:29:10,11,EPTFUS,Reference,W,1
7/17/21,23:19:54,23,7/17/21,11:19:54,11,EPTFUS,Reference,W,1
7/17/21,22:01:23,22,7/17/21,10:01:23,10,EPTFUS,Reference,W,1
7/17/21,22:06:41,22,7/17/21,10:06:41,10,EPTFUS,Reference,W,1
7/17/21,21:21:43,21,7/17/21,9:21:43,9,EPTFUS,Reference,W,1
7/17/21,22:22:24,22,7/17/21,10:22:24,10,EPTFUS,Reference,W,1
7/17/21,22:56:22,22,7/17/21,10:56:22,10,EPTFUS,Reference,W,1
7/17/21,22:07:24,22,7/17/21,10:07:24,10,EPTFUS,Reference,W,1
7/17/21,22:06:10,22,7/17/21,10:06:10,10,EPTFUS,Reference,W,1
7/17/21,22:05:39,22,7/17/21,10:05:39,10,EPTFUS,Reference,W,1
7/17/21,23:41:12,23,7/17/21,11:41:12,11,EPTFUS,Reference,W,1
7/17/21,22:00:11,22,7/17/21,10:00:11,10,EPTFUS,Reference,W,1
7/17/21,22:55:21,22,7/17/21,10:55:21,10,EPTFUS,Reference,W,1
7/17/21,23:28:24,23,7/17/21,11:28:24,11,EPTFUS,Reference,W,1
7/17/21,23:17:26,23,7/17/21,11:17:26,11,EPTFUS,Reference,W,1
7/17/21,23:32:26,23,7/17/21,11:32:26,11,EPTFUS,Reference,W,1
7/17/21,23:25:15,23,7/17/21,11:25:15,11,EPTFUS,Reference,W,1
7/17/21,21:18:50,21,7/17/21,9:18:50,9,LASNOC,Reference,W,1
7/17/21,20:37:46,20,7/17/21,8:37:46,8,LASSEM,Reference,W,1
7/17/21,21:00:33,21,7/17/21,9:00:33,9,LASSEM,Reference,W,1
7/17/21,20:41:53,20,7/17/21,8:41:53,8,LASSEM,Reference,W,1
7/17/21,20:38:06,20,7/17/21,8:38:06,8,LASSEM,Reference,W,1
7/17/21,22:00:38,22,7/17/21,10:00:38,10,LASSEM,Reference,W,1
7/17/21,22:39:18,22,7/17/21,10:39:18,10,LASSEM,Reference,W,1
7/17/21,20:45:05,20,7/17/21,8:45:05,8,LASSEM,Reference,W,1
7/17/21,22:36:54,22,7/17/21,10:36:54,10,LASSEM,Reference,W,1
7/17/21,22:11:45,22,7/17/21,10:11:45,10,MYOLUC,Reference,W,1
7/17/21,22:36:06,22,7/17/21,10:36:06,10,MYOLUC,Reference,W,1
7/17/21,22:11:08,22,7/17/21,10:11:08,10,MYOLUC,Reference,W,1
7/17/21,20:53:19,20,7/17/21,8:53:19,8,MYOLUC,Reference,W,1
7/17/21,22:10:12,22,7/17/21,10:10:12,10,EPTFUS,Reference,E,1
7/17/21,23:24:54,23,7/17/21,11:24:54,11,EPTFUS,Reference,E,1
7/17/21,22:12:07,22,7/17/21,10:12:07,10,EPTFUS,Reference,E,1
7/17/21,22:12:22,22,7/17/21,10:12:22,10,EPTFUS,Reference,E,1
7/17/21,22:22:15,22,7/17/21,10:22:15,10,EPTFUS,Reference,E,1
7/17/21,22:56:50,22,7/17/21,10:56:50,10,EPTFUS,Reference,E,1
7/17/21,23:20:11,23,7/17/21,11:20:11,11,EPTFUS,Reference,E,1
7/17/21,23:23:21,23,7/17/21,11:23:21,11,EPTFUS,Reference,E,1
7/17/21,23:07:19,23,7/17/21,11:07:19,11,EPTFUS,Reference,E,1
7/17/21,22:08:59,22,7/17/21,10:08:59,10,EPTFUS,Reference,E,1
7/17/21,23:23:39,23,7/17/21,11:23:39,11,EPTFUS,Reference,E,1
7/17/21,23:22:00,23,7/17/21,11:22:00,11,EPTFUS,Reference,E,1
7/17/21,23:00:18,23,7/17/21,11:00:18,11,EPTFUS,Reference,E,1
7/17/21,22:14:53,22,7/17/21,10:14:53,10,EPTFUS,Reference,E,1
7/17/21,23:25:09,23,7/17/21,11:25:09,11,EPTFUS,Reference,E,1
7/17/21,23:11:01,23,7/17/21,11:11:01,11,EPTFUS,Reference,E,1
7/17/21,23:02:19,23,7/17/21,11:02:19,11,EPTFUS,Reference,E,1
7/17/21,21:31:30,21,7/17/21,9:31:30,9,EPTFUS,Reference,E,1
7/17/21,23:15:14,23,7/17/21,11:15:14,11,EPTFUS,Reference,E,1
7/17/21,21:40:43,21,7/17/21,9:40:43,9,EPTFUS,Reference,E,1
7/17/21,23:30:46,23,7/17/21,11:30:46,11,EPTFUS,Reference,E,1
7/17/21,23:16:48,23,7/17/21,11:16:48,11,EPTFUS,Reference,E,1
7/17/21,23:17:49,23,7/17/21,11:17:49,11,EPTFUS,Reference,E,1
7/17/21,23:04:18,23,7/17/21,11:04:18,11,EPTFUS,Reference,E,1
7/17/21,23:08:57,23,7/17/21,11:08:57,11,EPTFUS,Reference,E,1
7/17/21,23:00:39,23,7/17/21,11:00:39,11,EPTFUS,Reference,E,1
7/17/21,23:05:44,23,7/17/21,11:05:44,11,EPTFUS,Reference,E,1
7/17/21,23:21:02,23,7/17/21,11:21:02,11,EPTFUS,Reference,E,1
7/17/21,21:28:25,21,7/17/21,9:28:25,9,EPTFUS,Reference,E,1
7/17/21,23:18:59,23,7/17/21,11:18:59,11,EPTFUS,Reference,E,1
7/17/21,22:29:02,22,7/17/21,10:29:02,10,EPTFUS,Reference,E,1
7/17/21,21:27:06,21,7/17/21,9:27:06,9,EPTFUS,Reference,E,1
7/17/21,23:13:13,23,7/17/21,11:13:13,11,EPTFUS,Reference,E,1
7/17/21,23:31:28,23,7/17/21,11:31:28,11,EPTFUS,Reference,E,1
7/17/21,23:33:59,23,7/17/21,11:33:59,11,EPTFUS,Reference,E,1
7/17/21,23:53:54,23,7/17/21,11:53:54,11,EPTFUS,Reference,E,1
7/17/21,23:37:49,23,7/17/21,11:37:49,11,EPTFUS,Reference,E,1
7/17/21,23:04:07,23,7/17/21,11:04:07,11,EPTFUS,Reference,E,1
7/17/21,22:59:47,22,7/17/21,10:59:47,10,EPTFUS,Reference,E,1
7/17/21,22:38:09,22,7/17/21,10:38:09,10,EPTFUS,Reference,E,1
7/17/21,23:44:07,23,7/17/21,11:44:07,11,EPTFUS,Reference,E,1
7/17/21,23:45:57,23,7/17/21,11:45:57,11,EPTFUS,Reference,E,1
7/17/21,22:15:09,22,7/17/21,10:15:09,10,EPTFUS,Reference,E,1
7/17/21,22:14:04,22,7/17/21,10:14:04,10,EPTFUS,Reference,E,1
7/17/21,22:25:21,22,7/17/21,10:25:21,10,EPTFUS,Reference,E,1
7/17/21,23:33:21,23,7/17/21,11:33:21,11,EPTFUS,Reference,E,1
7/17/21,23:33:03,23,7/17/21,11:33:03,11,EPTFUS,Reference,E,1
7/17/21,21:46:47,21,7/17/21,9:46:47,9,EPTFUS,Reference,E,1
7/17/21,23:35:39,23,7/17/21,11:35:39,11,EPTFUS,Reference,E,1
7/17/21,23:30:24,23,7/17/21,11:30:24,11,EPTFUS,Reference,E,1
7/17/21,23:34:10,23,7/17/21,11:34:10,11,EPTFUS,Reference,E,1
7/17/21,23:16:15,23,7/17/21,11:16:15,11,EPTFUS,Reference,E,1
7/17/21,23:34:59,23,7/17/21,11:34:59,11,EPTFUS,Reference,E,1
7/17/21,23:06:46,23,7/17/21,11:06:46,11,EPTFUS,Reference,E,1
7/17/21,23:03:02,23,7/17/21,11:03:02,11,EPTFUS,Reference,E,1
7/17/21,22:25:56,22,7/17/21,10:25:56,10,EPTFUS,Reference,E,1
7/17/21,23:43:36,23,7/17/21,11:43:36,11,EPTFUS,Reference,E,1
7/17/21,23:34:22,23,7/17/21,11:34:22,11,EPTFUS,Reference,E,1
7/17/21,23:35:21,23,7/17/21,11:35:21,11,EPTFUS,Reference,E,1
7/17/21,23:18:18,23,7/17/21,11:18:18,11,EPTFUS,Reference,E,1
7/17/21,21:26:41,21,7/17/21,9:26:41,9,EPTFUS,Reference,E,1
7/17/21,23:13:46,23,7/17/21,11:13:46,11,LASNOC,Reference,E,1
7/17/21,23:04:48,23,7/17/21,11:04:48,11,LASNOC,Reference,E,1
7/17/21,20:48:09,20,7/17/21,8:48:09,8,LASNOC,Reference,E,1
7/17/21,23:53:06,23,7/17/21,11:53:06,11,LASNOC,Reference,E,1
7/17/21,23:30:12,23,7/17/21,11:30:12,11,LASNOC,Reference,E,1
7/17/21,22:00:10,22,7/17/21,10:00:10,10,LASNOC,Reference,E,1
7/17/21,23:43:09,23,7/17/21,11:43:09,11,LASNOC,Reference,E,1
7/17/21,22:23:20,22,7/17/21,10:23:20,10,LASSEM,Reference,E,1
7/17/21,20:44:35,20,7/17/21,8:44:35,8,LASSEM,Reference,E,1
7/17/21,21:10:19,21,7/17/21,9:10:19,9,LASSEM,Reference,E,1
7/17/21,21:46:08,21,7/17/21,9:46:08,9,LASSEM,Reference,E,1
7/17/21,22:22:43,22,7/17/21,10:22:43,10,LASSEM,Reference,E,1
7/17/21,21:19:58,21,7/17/21,9:19:58,9,LASSEM,Reference,E,1
7/17/21,22:35:24,22,7/17/21,10:35:24,10,LASSEM,Reference,E,1
7/17/21,22:57:58,22,7/17/21,10:57:58,10,LASSEM,Reference,E,1
7/17/21,22:36:31,22,7/17/21,10:36:31,10,LASSEM,Reference,E,1
7/17/21,21:23:26,21,7/17/21,9:23:26,9,MYOLUC,Reference,E,1
7/17/21,22:09:14,22,7/17/21,10:09:14,10,NYCHUM,Reference,E,1
7/18/21,2:07:49,2,7/17/21,14:07:49,14,EPTFUS,Reference,E,1
7/18/21,2:21:56,2,7/17/21,14:21:56,14,EPTFUS,Reference,E,1
7/18/21,0:08:06,0,7/17/21,12:08:06,12,EPTFUS,Reference,E,1
7/18/21,3:04:18,3,7/17/21,15:04:18,15,EPTFUS,Reference,E,1
7/18/21,2:09:32,2,7/17/21,14:09:32,14,EPTFUS,Reference,E,1
7/18/21,2:42:42,2,7/17/21,14:42:42,14,EPTFUS,Reference,E,1
7/18/21,3:39:05,3,7/17/21,15:39:05,15,EPTFUS,Reference,E,1
7/18/21,1:57:29,1,7/17/21,13:57:29,13,EPTFUS,Reference,E,1
7/18/21,3:15:47,3,7/17/21,15:15:47,15,EPTFUS,Reference,E,1
7/18/21,2:37:52,2,7/17/21,14:37:52,14,EPTFUS,Reference,E,1
7/18/21,0:08:55,0,7/17/21,12:08:55,12,EPTFUS,Reference,E,1
7/18/21,0:40:20,0,7/17/21,12:40:20,12,EPTFUS,Reference,E,1
7/18/21,0:02:42,0,7/17/21,12:02:42,12,EPTFUS,Reference,E,1
7/18/21,1:49:35,1,7/17/21,13:49:35,13,EPTFUS,Reference,E,1
7/18/21,2:30:00,2,7/17/21,14:30:00,14,EPTFUS,Reference,E,1
7/18/21,2:30:49,2,7/17/21,14:30:49,14,EPTFUS,Reference,E,1
7/18/21,2:37:24,2,7/17/21,14:37:24,14,EPTFUS,Reference,E,1
7/18/21,2:12:32,2,7/17/21,14:12:32,14,EPTFUS,Reference,E,1
7/18/21,1:46:30,1,7/17/21,13:46:30,13,EPTFUS,Reference,E,1
7/18/21,0:36:31,0,7/17/21,12:36:31,12,EPTFUS,Reference,E,1
7/18/21,3:00:08,3,7/17/21,15:00:08,15,EPTFUS,Reference,E,1
7/18/21,2:36:59,2,7/17/21,14:36:59,14,EPTFUS,Reference,E,1
7/18/21,1:20:20,1,7/17/21,13:20:20,13,EPTFUS,Reference,E,1
7/18/21,0:54:33,0,7/17/21,12:54:33,12,EPTFUS,Reference,E,1
7/18/21,0:52:21,0,7/17/21,12:52:21,12,EPTFUS,Reference,E,1
7/18/21,0:38:10,0,7/17/21,12:38:10,12,EPTFUS,Reference,E,1
7/18/21,2:37:37,2,7/17/21,14:37:37,14,EPTFUS,Reference,E,1
7/18/21,2:22:11,2,7/17/21,14:22:11,14,EPTFUS,Reference,E,1
7/18/21,3:11:50,3,7/17/21,15:11:50,15,EPTFUS,Reference,E,1
7/18/21,2:36:48,2,7/17/21,14:36:48,14,EPTFUS,Reference,E,1
7/18/21,2:06:28,2,7/17/21,14:06:28,14,EPTFUS,Reference,E,1
7/18/21,0:40:35,0,7/17/21,12:40:35,12,EPTFUS,Reference,E,1
7/18/21,2:22:40,2,7/17/21,14:22:40,14,EPTFUS,Reference,E,1
7/18/21,2:11:19,2,7/17/21,14:11:19,14,EPTFUS,Reference,E,1
7/18/21,1:17:56,1,7/17/21,13:17:56,13,EPTFUS,Reference,E,1
7/18/21,1:21:33,1,7/17/21,13:21:33,13,EPTFUS,Reference,E,1
7/18/21,1:21:47,1,7/17/21,13:21:47,13,EPTFUS,Reference,E,1
7/18/21,0:36:47,0,7/17/21,12:36:47,12,EPTFUS,Reference,E,1
7/18/21,0:53:04,0,7/17/21,12:53:04,12,EPTFUS,Reference,E,1
7/18/21,0:46:58,0,7/17/21,12:46:58,12,EPTFUS,Reference,E,1
7/18/21,2:56:15,2,7/17/21,14:56:15,14,LASCIN,Reference,E,1
7/18/21,3:28:04,3,7/17/21,15:28:04,15,LASCIN,Reference,E,1
7/18/21,2:56:10,2,7/17/21,14:56:10,14,LASCIN,Reference,E,1
7/18/21,0:48:04,0,7/17/21,12:48:04,12,LASNOC,Reference,E,1
7/18/21,0:01:34,0,7/17/21,12:01:34,12,LASNOC,Reference,E,1
7/18/21,0:46:15,0,7/17/21,12:46:15,12,LASNOC,Reference,E,1
7/18/21,5:39:19,5,7/17/21,17:39:19,17,LASSEM,Reference,E,1
7/18/21,3:53:01,3,7/17/21,15:53:01,15,LASSEM,Reference,E,1
7/18/21,5:13:17,5,7/17/21,17:13:17,17,LASSEM,Reference,E,1
7/18/21,2:32:58,2,7/17/21,14:32:58,14,LASSEM,Reference,E,1
7/18/21,4:02:38,4,7/17/21,16:02:38,16,LASSEM,Reference,E,1
7/18/21,5:03:40,5,7/17/21,17:03:40,17,LASSEM,Reference,E,1
7/18/21,2:01:55,2,7/17/21,14:01:55,14,LASSEM,Reference,E,1
7/18/21,2:23:31,2,7/17/21,14:23:31,14,MYOLUC,Reference,E,1
7/18/21,5:20:05,5,7/17/21,17:20:05,17,EPTFUS,Reference,W,1
7/18/21,5:23:10,5,7/17/21,17:23:10,17,EPTFUS,Reference,W,1
7/18/21,0:55:16,0,7/17/21,12:55:16,12,EPTFUS,Reference,W,1
7/18/21,5:19:50,5,7/17/21,17:19:50,17,EPTFUS,Reference,W,1
7/18/21,1:14:58,1,7/17/21,13:14:58,13,EPTFUS,Reference,W,1
7/18/21,2:35:32,2,7/17/21,14:35:32,14,EPTFUS,Reference,W,1
7/18/21,5:26:17,5,7/17/21,17:26:17,17,EPTFUS,Reference,W,1
7/18/21,1:14:43,1,7/17/21,13:14:43,13,EPTFUS,Reference,W,1
7/18/21,0:01:57,0,7/17/21,12:01:57,12,EPTFUS,Reference,W,1
7/18/21,0:51:04,0,7/17/21,12:51:04,12,EPTFUS,Reference,W,1
7/18/21,2:26:12,2,7/17/21,14:26:12,14,EPTFUS,Reference,W,1
7/18/21,5:27:19,5,7/17/21,17:27:19,17,EPTFUS,Reference,W,1
7/18/21,2:49:34,2,7/17/21,14:49:34,14,EPTFUS,Reference,W,1
7/18/21,0:40:41,0,7/17/21,12:40:41,12,EPTFUS,Reference,W,1
7/18/21,0:38:42,0,7/17/21,12:38:42,12,EPTFUS,Reference,W,1
7/18/21,1:51:43,1,7/17/21,13:51:43,13,EPTFUS,Reference,W,1
7/18/21,0:41:19,0,7/17/21,12:41:19,12,EPTFUS,Reference,W,1
7/18/21,0:04:35,0,7/17/21,12:04:35,12,EPTFUS,Reference,W,1
7/18/21,0:16:04,0,7/17/21,12:16:04,12,EPTFUS,Reference,W,1
7/18/21,3:56:04,3,7/17/21,15:56:04,15,EPTFUS,Reference,W,1
7/18/21,3:04:08,3,7/17/21,15:04:08,15,EPTFUS,Reference,W,1
7/18/21,0:41:03,0,7/17/21,12:41:03,12,EPTFUS,Reference,W,1
7/18/21,0:42:47,0,7/17/21,12:42:47,12,EPTFUS,Reference,W,1
7/18/21,2:26:27,2,7/17/21,14:26:27,14,EPTFUS,Reference,W,1
7/18/21,1:13:55,1,7/17/21,13:13:55,13,EPTFUS,Reference,W,1
7/18/21,3:02:04,3,7/17/21,15:02:04,15,EPTFUS,Reference,W,1
7/18/21,1:15:14,1,7/17/21,13:15:14,13,EPTFUS,Reference,W,1
7/18/21,2:35:16,2,7/17/21,14:35:16,14,EPTFUS,Reference,W,1
7/18/21,1:25:21,1,7/17/21,13:25:21,13,EPTFUS,Reference,W,1
7/18/21,0:26:46,0,7/17/21,12:26:46,12,EPTFUS,Reference,W,1
7/18/21,0:03:58,0,7/17/21,12:03:58,12,EPTFUS,Reference,W,1
7/18/21,5:30:24,5,7/17/21,17:30:24,17,LASBOR,Reference,W,1
7/18/21,3:55:38,3,7/17/21,15:55:38,15,LASCIN,Reference,W,1
7/18/21,4:42:22,4,7/17/21,16:42:22,16,LASNOC,Reference,W,1
7/18/21,5:13:17,5,7/17/21,17:13:17,17,LASNOC,Reference,W,1
7/18/21,5:40:01,5,7/17/21,17:40:01,17,LASSEM,Reference,W,1
7/18/21,5:26:32,5,7/17/21,17:26:32,17,LASSEM,Reference,W,1
7/18/21,5:18:04,5,7/17/21,17:18:04,17,LASSEM,Reference,W,1
7/18/21,5:38:19,5,7/17/21,17:38:19,17,LASSEM,Reference,W,1
7/18/21,5:12:23,5,7/17/21,17:12:23,17,LASSEM,Reference,W,1
7/18/21,5:27:50,5,7/17/21,17:27:50,17,LASSEM,Reference,W,1
7/18/21,5:37:59,5,7/17/21,17:37:59,17,LASSEM,Reference,W,1
7/18/21,5:11:37,5,7/17/21,17:11:37,17,LASSEM,Reference,W,1
7/18/21,5:08:06,5,7/17/21,17:08:06,17,LASSEM,Reference,W,1
7/18/21,5:00:45,5,7/17/21,17:00:45,17,LASSEM,Reference,W,1
7/18/21,5:38:51,5,7/17/21,17:38:51,17,LASSEM,Reference,W,1
7/18/21,5:03:59,5,7/17/21,17:03:59,17,LASSEM,Reference,W,1
7/18/21,5:17:42,5,7/17/21,17:17:42,17,LASSEM,Reference,W,1
7/18/21,5:40:35,5,7/17/21,17:40:35,17,LASSEM,Reference,W,1
7/18/21,4:59:23,4,7/17/21,16:59:23,16,LASSEM,Reference,W,1
7/18/21,5:33:03,5,7/17/21,17:33:03,17,LASSEM,Reference,W,1
7/18/21,5:33:18,5,7/17/21,17:33:18,17,LASSEM,Reference,W,1
7/18/21,5:37:09,5,7/17/21,17:37:09,17,LASSEM,Reference,W,1
7/18/21,4:32:59,4,7/17/21,16:32:59,16,LASSEM,Reference,W,1
7/18/21,5:06:38,5,7/17/21,17:06:38,17,LASSEM,Reference,W,1
7/18/21,4:49:39,4,7/17/21,16:49:39,16,LASSEM,Reference,W,1
7/18/21,5:38:44,5,7/17/21,17:38:44,17,LASSEM,Reference,W,1
7/18/21,4:42:51,4,7/17/21,16:42:51,16,LASSEM,Reference,W,1
7/18/21,5:15:51,5,7/17/21,17:15:51,17,LASSEM,Reference,W,1
7/18/21,1:46:38,1,7/17/21,13:46:38,13,LASSEM,Reference,W,1
7/18/21,4:35:21,4,7/17/21,16:35:21,16,LASSEM,Reference,W,1
7/18/21,4:43:36,4,7/17/21,16:43:36,16,LASSEM,Reference,W,1
7/18/21,3:26:07,3,7/17/21,15:26:07,15,LASSEM,Reference,W,1
7/18/21,0:57:57,0,7/17/21,12:57:57,12,MYOLUC,Reference,W,1
7/18/21,2:10:37,2,7/17/21,14:10:37,14,MYOLUC,Reference,W,1
7/18/21,4:04:37,4,7/17/21,16:04:37,16,MYOLUC,Reference,W,1
7/18/21,5:44:12,5,7/17/21,17:44:12,17,MYOLUC,Reference,W,1
7/18/21,5:29:07,5,7/17/21,17:29:07,17,NYCHUM,Reference,W,1
7/18/21,5:30:09,5,7/17/21,17:30:09,17,NYCHUM,Reference,W,1
7/18/21,5:30:40,5,7/17/21,17:30:40,17,NYCHUM,Reference,W,1
7/18/21,5:28:36,5,7/17/21,17:28:36,17,NYCHUM,Reference,W,1
7/18/21,5:36:12,5,7/17/21,17:36:12,17,NYCHUM,Reference,W,1
7/18/21,5:31:11,5,7/17/21,17:31:11,17,NYCHUM,Reference,W,1
7/18/21,0:09:03,0,7/17/21,12:09:03,12,NYCHUM,Reference,W,1
7/18/21,5:17:50,5,7/17/21,17:17:50,17,NYCHUM,Reference,W,1
7/18/21,5:23:41,5,7/17/21,17:23:41,17,NYCHUM,Reference,W,1
7/18/21,2:29:42,2,7/17/21,14:29:42,14,NYCHUM,Reference,W,1
7/18/21,5:29:38,5,7/17/21,17:29:38,17,NYCHUM,Reference,W,1
7/18/21,21:28:31,21,7/18/21,9:28:31,9,EPTFUS,Damaged,E,1
7/18/21,23:40:34,23,7/18/21,11:40:34,11,EPTFUS,Damaged,E,1
7/18/21,22:29:56,22,7/18/21,10:29:56,10,EPTFUS,Damaged,E,1
7/18/21,21:52:35,21,7/18/21,9:52:35,9,EPTFUS,Damaged,E,1
7/18/21,21:25:49,21,7/18/21,9:25:49,9,EPTFUS,Damaged,E,1
7/18/21,21:47:49,21,7/18/21,9:47:49,9,EPTFUS,Damaged,E,1
7/18/21,22:21:59,22,7/18/21,10:21:59,10,LASNOC,Damaged,E,1
7/18/21,22:46:44,22,7/18/21,10:46:44,10,LASNOC,Damaged,E,1
7/18/21,21:18:10,21,7/18/21,9:18:10,9,LASNOC,Damaged,E,1
7/18/21,22:09:16,22,7/18/21,10:09:16,10,LASSEM,Damaged,E,1
7/18/21,20:42:12,20,7/18/21,8:42:12,8,LASSEM,Damaged,E,1
7/18/21,22:30:36,22,7/18/21,10:30:36,10,LASSEM,Damaged,E,1
7/18/21,21:21:35,21,7/18/21,9:21:35,9,LASSEM,Damaged,E,1
7/18/21,21:33:54,21,7/18/21,9:33:54,9,LASSEM,Damaged,E,1
7/18/21,22:33:06,22,7/18/21,10:33:06,10,LASSEM,Damaged,E,1
7/18/21,21:36:05,21,7/18/21,9:36:05,9,LASSEM,Damaged,E,1
7/18/21,22:42:21,22,7/18/21,10:42:21,10,LASSEM,Damaged,E,1
7/18/21,21:44:58,21,7/18/21,9:44:58,9,NYCHUM,Damaged,E,1
7/18/21,21:32:15,21,7/18/21,9:32:15,9,NYCHUM,Damaged,E,1
7/18/21,22:46:32,22,7/18/21,10:46:32,10,EPTFUS,Undamaged,W,1
7/18/21,21:39:07,21,7/18/21,9:39:07,9,EPTFUS,Undamaged,W,1
7/18/21,22:38:20,22,7/18/21,10:38:20,10,EPTFUS,Undamaged,W,1
7/18/21,21:31:57,21,7/18/21,9:31:57,9,EPTFUS,Undamaged,W,1
7/18/21,23:45:35,23,7/18/21,11:45:35,11,EPTFUS,Undamaged,W,1
7/18/21,22:51:14,22,7/18/21,10:51:14,10,EPTFUS,Undamaged,W,1
7/18/21,22:23:20,22,7/18/21,10:23:20,10,EPTFUS,Undamaged,W,1
7/18/21,20:49:37,20,7/18/21,8:49:37,8,LASSEM,Undamaged,W,1
7/18/21,20:41:38,20,7/18/21,8:41:38,8,LASSEM,Undamaged,W,1
7/18/21,23:12:09,23,7/18/21,11:12:09,11,MYOLUC,Undamaged,W,1
7/18/21,23:26:17,23,7/18/21,11:26:17,11,MYOLUC,Undamaged,W,1
7/18/21,21:45:49,21,7/18/21,9:45:49,9,MYOLUC,Undamaged,W,1
7/18/21,22:28:49,22,7/18/21,10:28:49,10,MYOLUC,Undamaged,W,1
7/18/21,21:31:32,21,7/18/21,9:31:32,9,NYCHUM,Undamaged,W,1
7/18/21,21:16:06,21,7/18/21,9:16:06,9,NYCHUM,Undamaged,W,1
7/19/21,1:15:30,1,7/18/21,13:15:30,13,EPTFUS,Damaged,E,1
7/19/21,0:25:38,0,7/18/21,12:25:38,12,EPTFUS,Damaged,E,1
7/19/21,1:33:44,1,7/18/21,13:33:44,13,LASCIN,Damaged,E,1
7/19/21,1:25:35,1,7/18/21,13:25:35,13,LASCIN,Damaged,E,1
7/19/21,1:25:26,1,7/18/21,13:25:26,13,LASCIN,Damaged,E,1
7/19/21,2:58:25,2,7/18/21,14:58:25,14,LASSEM,Damaged,E,1
7/19/21,3:37:35,3,7/18/21,15:37:35,15,LASSEM,Damaged,E,1
7/19/21,4:58:26,4,7/18/21,16:58:26,16,LASSEM,Damaged,E,1
7/19/21,5:09:09,5,7/18/21,17:09:09,17,LASSEM,Damaged,E,1
7/19/21,1:13:05,1,7/18/21,13:13:05,13,LASSEM,Damaged,E,1
7/19/21,2:33:20,2,7/18/21,14:33:20,14,LASSEM,Damaged,E,1
7/19/21,2:36:24,2,7/18/21,14:36:24,14,LASSEM,Damaged,E,1
7/19/21,3:29:22,3,7/18/21,15:29:22,15,LASSEM,Damaged,E,1
7/19/21,0:29:55,0,7/18/21,12:29:55,12,LASSEM,Damaged,E,1
7/19/21,0:59:22,0,7/18/21,12:59:22,12,NYCHUM,Damaged,E,1
7/19/21,5:12:36,5,7/18/21,17:12:36,17,NYCHUM,Damaged,E,1
7/19/21,5:16:46,5,7/18/21,17:16:46,17,EPTFUS,Undamaged,W,1
7/19/21,0:05:12,0,7/18/21,12:05:12,12,EPTFUS,Undamaged,W,1
7/19/21,5:23:15,5,7/18/21,17:23:15,17,LASBOR,Undamaged,W,1
7/19/21,4:21:20,4,7/18/21,16:21:20,16,LASBOR,Undamaged,W,1
7/19/21,4:46:25,4,7/18/21,16:46:25,16,LASCIN,Undamaged,W,1
7/19/21,5:27:08,5,7/18/21,17:27:08,17,LASSEM,Undamaged,W,1
7/19/21,5:35:31,5,7/18/21,17:35:31,17,LASSEM,Undamaged,W,1
7/19/21,5:31:51,5,7/18/21,17:31:51,17,LASSEM,Undamaged,W,1
7/19/21,3:41:42,3,7/18/21,15:41:42,15,LASSEM,Undamaged,W,1
7/19/21,5:40:34,5,7/18/21,17:40:34,17,LASSEM,Undamaged,W,1
7/19/21,5:23:41,5,7/18/21,17:23:41,17,LASSEM,Undamaged,W,1
7/19/21,5:35:46,5,7/18/21,17:35:46,17,LASSEM,Undamaged,W,1
7/19/21,4:47:46,4,7/18/21,16:47:46,16,LASSEM,Undamaged,W,1
7/19/21,5:21:07,5,7/18/21,17:21:07,17,LASSEM,Undamaged,W,1
7/19/21,1:04:47,1,7/18/21,13:04:47,13,LASSEM,Undamaged,W,1
7/19/21,5:27:49,5,7/18/21,17:27:49,17,LASSEM,Undamaged,W,1
7/19/21,4:20:25,4,7/18/21,16:20:25,16,LASSEM,Undamaged,W,1
7/19/21,5:09:36,5,7/18/21,17:09:36,17,LASSEM,Undamaged,W,1
7/19/21,5:27:24,5,7/18/21,17:27:24,17,LASSEM,Undamaged,W,1
7/19/21,5:31:39,5,7/18/21,17:31:39,17,MYOLUC,Undamaged,W,1
7/19/21,5:31:32,5,7/18/21,17:31:32,17,MYOLUC,Undamaged,W,1
7/19/21,4:17:51,4,7/18/21,16:17:51,16,MYOLUC,Undamaged,W,1
7/19/21,5:28:24,5,7/18/21,17:28:24,17,MYOLUC,Undamaged,W,1
7/19/21,4:15:38,4,7/18/21,16:15:38,16,NYCHUM,Undamaged,W,1
7/19/21,5:36:35,5,7/18/21,17:36:35,17,NYCHUM,Undamaged,W,1
7/19/21,5:09:47,5,7/18/21,17:09:47,17,NYCHUM,Undamaged,W,1
7/19/21,4:14:22,4,7/18/21,16:14:22,16,NYCHUM,Undamaged,W,1
7/19/21,2:18:07,2,7/18/21,14:18:07,14,NYCHUM,Undamaged,W,1
7/19/21,21:48:05,21,7/19/21,9:48:05,9,EPTFUS,Damaged,E,1
7/19/21,22:08:30,22,7/19/21,10:08:30,10,EPTFUS,Damaged,E,1
7/19/21,21:40:29,21,7/19/21,9:40:29,9,EPTFUS,Damaged,E,1
7/19/21,21:35:35,21,7/19/21,9:35:35,9,EPTFUS,Damaged,E,1
7/19/21,21:35:51,21,7/19/21,9:35:51,9,EPTFUS,Damaged,E,1
7/19/21,22:59:46,22,7/19/21,10:59:46,10,EPTFUS,Damaged,E,1
7/19/21,21:33:45,21,7/19/21,9:33:45,9,EPTFUS,Damaged,E,1
7/19/21,22:56:08,22,7/19/21,10:56:08,10,EPTFUS,Damaged,E,1
7/19/21,21:42:28,21,7/19/21,9:42:28,9,EPTFUS,Damaged,E,1
7/19/21,21:23:04,21,7/19/21,9:23:04,9,EPTFUS,Damaged,E,1
7/19/21,22:10:18,22,7/19/21,10:10:18,10,EPTFUS,Damaged,E,1
7/19/21,21:42:43,21,7/19/21,9:42:43,9,EPTFUS,Damaged,E,1
7/19/21,23:01:06,23,7/19/21,11:01:06,11,EPTFUS,Damaged,E,1
7/19/21,22:58:12,22,7/19/21,10:58:12,10,EPTFUS,Damaged,E,1
7/19/21,22:53:36,22,7/19/21,10:53:36,10,EPTFUS,Damaged,E,1
7/19/21,23:11:16,23,7/19/21,11:11:16,11,EPTFUS,Damaged,E,1
7/19/21,21:41:10,21,7/19/21,9:41:10,9,EPTFUS,Damaged,E,1
7/19/21,22:09:08,22,7/19/21,10:09:08,10,EPTFUS,Damaged,E,1
7/19/21,22:09:32,22,7/19/21,10:09:32,10,EPTFUS,Damaged,E,1
7/19/21,23:10:01,23,7/19/21,11:10:01,11,EPTFUS,Damaged,E,1
7/19/21,22:50:59,22,7/19/21,10:50:59,10,EPTFUS,Damaged,E,1
7/19/21,22:08:14,22,7/19/21,10:08:14,10,EPTFUS,Damaged,E,1
7/19/21,22:34:03,22,7/19/21,10:34:03,10,EPTFUS,Damaged,E,1
7/19/21,22:54:20,22,7/19/21,10:54:20,10,EPTFUS,Damaged,E,1
7/19/21,23:02:28,23,7/19/21,11:02:28,11,EPTFUS,Damaged,E,1
7/19/21,22:28:16,22,7/19/21,10:28:16,10,EPTFUS,Damaged,E,1
7/19/21,22:57:27,22,7/19/21,10:57:27,10,EPTFUS,Damaged,E,1
7/19/21,22:28:31,22,7/19/21,10:28:31,10,EPTFUS,Damaged,E,1
7/19/21,23:09:19,23,7/19/21,11:09:19,11,EPTFUS,Damaged,E,1
7/19/21,23:00:25,23,7/19/21,11:00:25,11,EPTFUS,Damaged,E,1
7/19/21,22:55:19,22,7/19/21,10:55:19,10,EPTFUS,Damaged,E,1
7/19/21,22:11:25,22,7/19/21,10:11:25,10,EPTFUS,Damaged,E,1
7/19/21,21:34:00,21,7/19/21,9:34:00,9,EPTFUS,Damaged,E,1
7/19/21,23:00:10,23,7/19/21,11:00:10,11,EPTFUS,Damaged,E,1
7/19/21,22:10:03,22,7/19/21,10:10:03,10,EPTFUS,Damaged,E,1
7/19/21,23:05:30,23,7/19/21,11:05:30,11,EPTFUS,Damaged,E,1
7/19/21,22:38:39,22,7/19/21,10:38:39,10,EPTFUS,Damaged,E,1
7/19/21,22:50:44,22,7/19/21,10:50:44,10,EPTFUS,Damaged,E,1
7/19/21,23:37:41,23,7/19/21,11:37:41,11,EPTFUS,Damaged,E,1
7/19/21,22:50:16,22,7/19/21,10:50:16,10,EPTFUS,Damaged,E,1
7/19/21,22:57:42,22,7/19/21,10:57:42,10,EPTFUS,Damaged,E,1
7/19/21,22:08:52,22,7/19/21,10:08:52,10,EPTFUS,Damaged,E,1
7/19/21,23:04:15,23,7/19/21,11:04:15,11,EPTFUS,Damaged,E,1
7/19/21,23:01:21,23,7/19/21,11:01:21,11,EPTFUS,Damaged,E,1
7/19/21,21:35:11,21,7/19/21,9:35:11,9,EPTFUS,Damaged,E,1
7/19/21,22:59:31,22,7/19/21,10:59:31,10,EPTFUS,Damaged,E,1
7/19/21,23:09:39,23,7/19/21,11:09:39,11,EPTFUS,Damaged,E,1
7/19/21,21:45:19,21,7/19/21,9:45:19,9,EPTFUS,Damaged,E,1
7/19/21,22:09:48,22,7/19/21,10:09:48,10,EPTFUS,Damaged,E,1
7/19/21,23:49:03,23,7/19/21,11:49:03,11,EPTFUS,Damaged,E,1
7/19/21,21:45:34,21,7/19/21,9:45:34,9,EPTFUS,Damaged,E,1
7/19/21,22:02:06,22,7/19/21,10:02:06,10,EPTFUS,Damaged,E,1
7/19/21,22:53:59,22,7/19/21,10:53:59,10,EPTFUS,Damaged,E,1
7/19/21,22:39:26,22,7/19/21,10:39:26,10,EPTFUS,Damaged,E,1
7/19/21,22:38:55,22,7/19/21,10:38:55,10,EPTFUS,Damaged,E,1
7/19/21,21:43:20,21,7/19/21,9:43:20,9,EPTFUS,Damaged,E,1
7/19/21,22:51:57,22,7/19/21,10:51:57,10,EPTFUS,Damaged,E,1
7/19/21,21:33:15,21,7/19/21,9:33:15,9,EPTFUS,Damaged,E,1
7/19/21,22:37:59,22,7/19/21,10:37:59,10,EPTFUS,Damaged,E,1
7/19/21,21:20:29,21,7/19/21,9:20:29,9,EPTFUS,Damaged,E,1
7/19/21,22:57:10,22,7/19/21,10:57:10,10,EPTFUS,Damaged,E,1
7/19/21,22:24:29,22,7/19/21,10:24:29,10,EPTFUS,Damaged,E,1
7/19/21,22:52:12,22,7/19/21,10:52:12,10,EPTFUS,Damaged,E,1
7/19/21,21:47:50,21,7/19/21,9:47:50,9,EPTFUS,Damaged,E,1
7/19/21,23:05:03,23,7/19/21,11:05:03,11,EPTFUS,Damaged,E,1
7/19/21,23:00:40,23,7/19/21,11:00:40,11,EPTFUS,Damaged,E,1
7/19/21,23:50:26,23,7/19/21,11:50:26,11,EPTFUS,Damaged,E,1
7/19/21,22:56:48,22,7/19/21,10:56:48,10,EPTFUS,Damaged,E,1
7/19/21,22:22:55,22,7/19/21,10:22:55,10,EPTFUS,Damaged,E,1
7/19/21,22:27:23,22,7/19/21,10:27:23,10,EPTFUS,Damaged,E,1
7/19/21,22:30:15,22,7/19/21,10:30:15,10,EPTFUS,Damaged,E,1
7/19/21,21:24:24,21,7/19/21,9:24:24,9,EPTFUS,Damaged,E,1
7/19/21,23:32:19,23,7/19/21,11:32:19,11,EPTFUS,Damaged,E,1
7/19/21,21:26:00,21,7/19/21,9:26:00,9,EPTFUS,Damaged,E,1
7/19/21,21:46:45,21,7/19/21,9:46:45,9,EPTFUS,Damaged,E,1
7/19/21,21:30:42,21,7/19/21,9:30:42,9,EPTFUS,Damaged,E,1
7/19/21,22:10:54,22,7/19/21,10:10:54,10,EPTFUS,Damaged,E,1
7/19/21,22:52:27,22,7/19/21,10:52:27,10,EPTFUS,Damaged,E,1
7/19/21,22:59:17,22,7/19/21,10:59:17,10,EPTFUS,Damaged,E,1
7/19/21,22:56:33,22,7/19/21,10:56:33,10,EPTFUS,Damaged,E,1
7/19/21,23:10:34,23,7/19/21,11:10:34,11,EPTFUS,Damaged,E,1
7/19/21,23:30:22,23,7/19/21,11:30:22,11,EPTFUS,Damaged,E,1
7/19/21,22:38:15,22,7/19/21,10:38:15,10,EPTFUS,Damaged,E,1
7/19/21,22:51:30,22,7/19/21,10:51:30,10,EPTFUS,Damaged,E,1
7/19/21,22:11:41,22,7/19/21,10:11:41,10,EPTFUS,Damaged,E,1
7/19/21,22:34:19,22,7/19/21,10:34:19,10,EPTFUS,Damaged,E,1
7/19/21,22:16:18,22,7/19/21,10:16:18,10,EPTFUS,Damaged,E,1
7/19/21,23:04:30,23,7/19/21,11:04:30,11,EPTFUS,Damaged,E,1
7/19/21,23:02:13,23,7/19/21,11:02:13,11,EPTFUS,Damaged,E,1
7/19/21,23:21:39,23,7/19/21,11:21:39,11,EPTFUS,Damaged,E,1
7/19/21,22:08:03,22,7/19/21,10:08:03,10,EPTFUS,Damaged,E,1
7/19/21,23:52:57,23,7/19/21,11:52:57,11,EPTFUS,Damaged,E,1
7/19/21,22:55:07,22,7/19/21,10:55:07,10,EPTFUS,Damaged,E,1
7/19/21,22:25:52,22,7/19/21,10:25:52,10,EPTFUS,Damaged,E,1
7/19/21,23:51:32,23,7/19/21,11:51:32,11,EPTFUS,Damaged,E,1
7/19/21,21:51:21,21,7/19/21,9:51:21,9,EPTFUS,Damaged,E,1
7/19/21,23:33:30,23,7/19/21,11:33:30,11,EPTFUS,Damaged,E,1
7/19/21,22:47:04,22,7/19/21,10:47:04,10,EPTFUS,Damaged,E,1
7/19/21,22:51:42,22,7/19/21,10:51:42,10,EPTFUS,Damaged,E,1
7/19/21,23:06:19,23,7/19/21,11:06:19,11,EPTFUS,Damaged,E,1
7/19/21,22:58:46,22,7/19/21,10:58:46,10,EPTFUS,Damaged,E,1
7/19/21,23:40:06,23,7/19/21,11:40:06,11,EPTFUS,Damaged,E,1
7/19/21,23:03:04,23,7/19/21,11:03:04,11,EPTFUS,Damaged,E,1
7/19/21,22:37:28,22,7/19/21,10:37:28,10,EPTFUS,Damaged,E,1
7/19/21,22:35:58,22,7/19/21,10:35:58,10,EPTFUS,Damaged,E,1
7/19/21,21:41:25,21,7/19/21,9:41:25,9,EPTFUS,Damaged,E,1
7/19/21,22:49:23,22,7/19/21,10:49:23,10,EPTFUS,Damaged,E,1
7/19/21,23:03:56,23,7/19/21,11:03:56,11,EPTFUS,Damaged,E,1
7/19/21,21:39:46,21,7/19/21,9:39:46,9,EPTFUS,Damaged,E,1
7/19/21,22:27:38,22,7/19/21,10:27:38,10,EPTFUS,Damaged,E,1
7/19/21,23:50:10,23,7/19/21,11:50:10,11,EPTFUS,Damaged,E,1
7/19/21,21:23:25,21,7/19/21,9:23:25,9,EPTFUS,Damaged,E,1
7/19/21,22:24:59,22,7/19/21,10:24:59,10,EPTFUS,Damaged,E,1
7/19/21,21:08:45,21,7/19/21,9:08:45,9,EPTFUS,Damaged,E,1
7/19/21,23:07:54,23,7/19/21,11:07:54,11,EPTFUS,Damaged,E,1
7/19/21,21:54:40,21,7/19/21,9:54:40,9,EPTFUS,Damaged,E,1
7/19/21,21:55:19,21,7/19/21,9:55:19,9,EPTFUS,Damaged,E,1
7/19/21,22:01:15,22,7/19/21,10:01:15,10,EPTFUS,Damaged,E,1
7/19/21,23:36:11,23,7/19/21,11:36:11,11,EPTFUS,Damaged,E,1
7/19/21,23:42:01,23,7/19/21,11:42:01,11,EPTFUS,Damaged,E,1
7/19/21,21:33:00,21,7/19/21,9:33:00,9,EPTFUS,Damaged,E,1
7/19/21,22:26:08,22,7/19/21,10:26:08,10,EPTFUS,Damaged,E,1
7/19/21,21:54:52,21,7/19/21,9:54:52,9,EPTFUS,Damaged,E,1
7/19/21,23:32:31,23,7/19/21,11:32:31,11,EPTFUS,Damaged,E,1
7/19/21,21:33:30,21,7/19/21,9:33:30,9,EPTFUS,Damaged,E,1
7/19/21,21:31:09,21,7/19/21,9:31:09,9,EPTFUS,Damaged,E,1
7/19/21,22:36:22,22,7/19/21,10:36:22,10,EPTFUS,Damaged,E,1
7/19/21,22:10:39,22,7/19/21,10:10:39,10,EPTFUS,Damaged,E,1
7/19/21,23:25:43,23,7/19/21,11:25:43,11,EPTFUS,Damaged,E,1
7/19/21,23:59:52,23,7/19/21,11:59:52,11,EPTFUS,Damaged,E,1
7/19/21,22:55:44,22,7/19/21,10:55:44,10,EPTFUS,Damaged,E,1
7/19/21,22:37:12,22,7/19/21,10:37:12,10,EPTFUS,Damaged,E,1
7/19/21,21:40:45,21,7/19/21,9:40:45,9,EPTFUS,Damaged,E,1
7/19/21,21:39:15,21,7/19/21,9:39:15,9,EPTFUS,Damaged,E,1
7/19/21,22:09:24,22,7/19/21,10:09:24,10,EPTFUS,Damaged,E,1
7/19/21,22:27:01,22,7/19/21,10:27:01,10,EPTFUS,Damaged,E,1
7/19/21,23:01:36,23,7/19/21,11:01:36,11,EPTFUS,Damaged,E,1
7/19/21,21:55:55,21,7/19/21,9:55:55,9,EPTFUS,Damaged,E,1
7/19/21,22:58:28,22,7/19/21,10:58:28,10,EPTFUS,Damaged,E,1
7/19/21,22:54:44,22,7/19/21,10:54:44,10,EPTFUS,Damaged,E,1
7/19/21,22:39:11,22,7/19/21,10:39:11,10,EPTFUS,Damaged,E,1
7/19/21,23:02:43,23,7/19/21,11:02:43,11,EPTFUS,Damaged,E,1
7/19/21,22:22:23,22,7/19/21,10:22:23,10,EPTFUS,Damaged,E,1
7/19/21,21:45:50,21,7/19/21,9:45:50,9,EPTFUS,Damaged,E,1
7/19/21,22:32:55,22,7/19/21,10:32:55,10,EPTFUS,Damaged,E,1
7/19/21,21:25:45,21,7/19/21,9:25:45,9,EPTFUS,Damaged,E,1
7/19/21,23:37:57,23,7/19/21,11:37:57,11,EPTFUS,Damaged,E,1
7/19/21,22:25:14,22,7/19/21,10:25:14,10,EPTFUS,Damaged,E,1
7/19/21,23:33:44,23,7/19/21,11:33:44,11,EPTFUS,Damaged,E,1
7/19/21,23:41:23,23,7/19/21,11:41:23,11,EPTFUS,Damaged,E,1
7/19/21,23:11:43,23,7/19/21,11:11:43,11,EPTFUS,Damaged,E,1
7/19/21,21:43:35,21,7/19/21,9:43:35,9,EPTFUS,Damaged,E,1
7/19/21,22:15:21,22,7/19/21,10:15:21,10,EPTFUS,Damaged,E,1
7/19/21,23:06:37,23,7/19/21,11:06:37,11,EPTFUS,Damaged,E,1
7/19/21,22:51:15,22,7/19/21,10:51:15,10,EPTFUS,Damaged,E,1
7/19/21,21:20:45,21,7/19/21,9:20:45,9,EPTFUS,Damaged,E,1
7/19/21,22:33:07,22,7/19/21,10:33:07,10,EPTFUS,Damaged,E,1
7/19/21,22:49:57,22,7/19/21,10:49:57,10,EPTFUS,Damaged,E,1
7/19/21,22:55:34,22,7/19/21,10:55:34,10,EPTFUS,Damaged,E,1
7/19/21,23:51:07,23,7/19/21,11:51:07,11,EPTFUS,Damaged,E,1
7/19/21,23:51:57,23,7/19/21,11:51:57,11,EPTFUS,Damaged,E,1
7/19/21,21:34:16,21,7/19/21,9:34:16,9,EPTFUS,Damaged,E,1
7/19/21,22:11:09,22,7/19/21,10:11:09,10,EPTFUS,Damaged,E,1
7/19/21,22:14:10,22,7/19/21,10:14:10,10,EPTFUS,Damaged,E,1
7/19/21,22:35:36,22,7/19/21,10:35:36,10,EPTFUS,Damaged,E,1
7/19/21,23:03:18,23,7/19/21,11:03:18,11,EPTFUS,Damaged,E,1
7/19/21,23:05:47,23,7/19/21,11:05:47,11,EPTFUS,Damaged,E,1
7/19/21,23:10:17,23,7/19/21,11:10:17,11,EPTFUS,Damaged,E,1
7/19/21,21:46:34,21,7/19/21,9:46:34,9,EPTFUS,Damaged,E,1
7/19/21,23:28:09,23,7/19/21,11:28:09,11,EPTFUS,Damaged,E,1
7/19/21,23:07:39,23,7/19/21,11:07:39,11,EPTFUS,Damaged,E,1
7/19/21,22:08:45,22,7/19/21,10:08:45,10,EPTFUS,Damaged,E,1
7/19/21,21:49:59,21,7/19/21,9:49:59,9,EPTFUS,Damaged,E,1
7/19/21,23:48:50,23,7/19/21,11:48:50,11,EPTFUS,Damaged,E,1
7/19/21,22:56:24,22,7/19/21,10:56:24,10,EPTFUS,Damaged,E,1
7/19/21,22:15:06,22,7/19/21,10:15:06,10,EPTFUS,Damaged,E,1
7/19/21,23:39:44,23,7/19/21,11:39:44,11,EPTFUS,Damaged,E,1
7/19/21,22:54:35,22,7/19/21,10:54:35,10,EPTFUS,Damaged,E,1
7/19/21,23:51:22,23,7/19/21,11:51:22,11,EPTFUS,Damaged,E,1
7/19/21,23:30:11,23,7/19/21,11:30:11,11,EPTFUS,Damaged,E,1
7/19/21,22:41:26,22,7/19/21,10:41:26,10,EPTFUS,Damaged,E,1
7/19/21,23:49:57,23,7/19/21,11:49:57,11,EPTFUS,Damaged,E,1
7/19/21,22:30:30,22,7/19/21,10:30:30,10,EPTFUS,Damaged,E,1
7/19/21,23:11:34,23,7/19/21,11:11:34,11,EPTFUS,Damaged,E,1
7/19/21,21:52:23,21,7/19/21,9:52:23,9,EPTFUS,Damaged,E,1
7/19/21,22:01:43,22,7/19/21,10:01:43,10,EPTFUS,Damaged,E,1
7/19/21,22:42:42,22,7/19/21,10:42:42,10,EPTFUS,Damaged,E,1
7/19/21,22:31:57,22,7/19/21,10:31:57,10,EPTFUS,Damaged,E,1
7/19/21,21:34:52,21,7/19/21,9:34:52,9,LASNOC,Damaged,E,1
7/19/21,22:24:13,22,7/19/21,10:24:13,10,LASNOC,Damaged,E,1
7/19/21,21:17:47,21,7/19/21,9:17:47,9,LASNOC,Damaged,E,1
7/19/21,21:30:25,21,7/19/21,9:30:25,9,LASNOC,Damaged,E,1
7/19/21,22:18:45,22,7/19/21,10:18:45,10,LASNOC,Damaged,E,1
7/19/21,23:21:11,23,7/19/21,11:21:11,11,LASNOC,Damaged,E,1
7/19/21,22:05:12,22,7/19/21,10:05:12,10,LASNOC,Damaged,E,1
7/19/21,21:21:53,21,7/19/21,9:21:53,9,LASNOC,Damaged,E,1
7/19/21,21:34:28,21,7/19/21,9:34:28,9,LASNOC,Damaged,E,1
7/19/21,21:10:16,21,7/19/21,9:10:16,9,LASSEM,Damaged,E,1
7/19/21,20:46:03,20,7/19/21,8:46:03,8,LASSEM,Damaged,E,1
7/19/21,21:19:32,21,7/19/21,9:19:32,9,LASSEM,Damaged,E,1
7/19/21,21:17:21,21,7/19/21,9:17:21,9,LASSEM,Damaged,E,1
7/19/21,21:20:13,21,7/19/21,9:20:13,9,LASSEM,Damaged,E,1
7/19/21,22:19:27,22,7/19/21,10:19:27,10,LASSEM,Damaged,E,1
7/19/21,21:58:21,21,7/19/21,9:58:21,9,LASSEM,Damaged,E,1
7/19/21,20:40:37,20,7/19/21,8:40:37,8,LASSEM,Damaged,E,1
7/19/21,21:57:16,21,7/19/21,9:57:16,9,LASSEM,Damaged,E,1
7/19/21,21:16:36,21,7/19/21,9:16:36,9,LASSEM,Damaged,E,1
7/19/21,21:15:59,21,7/19/21,9:15:59,9,LASSEM,Damaged,E,1
7/19/21,22:44:23,22,7/19/21,10:44:23,10,LASSEM,Damaged,E,1
7/19/21,21:10:31,21,7/19/21,9:10:31,9,LASSEM,Damaged,E,1
7/19/21,21:55:26,21,7/19/21,9:55:26,9,LASSEM,Damaged,E,1
7/19/21,21:09:38,21,7/19/21,9:09:38,9,LASSEM,Damaged,E,1
7/19/21,21:14:14,21,7/19/21,9:14:14,9,LASSEM,Damaged,E,1
7/19/21,21:57:44,21,7/19/21,9:57:44,9,LASSEM,Damaged,E,1
7/19/21,23:16:40,23,7/19/21,11:16:40,11,MYOLUC,Damaged,E,1
7/19/21,21:12:18,21,7/19/21,9:12:18,9,NYCHUM,Damaged,E,1
7/19/21,21:42:32,21,7/19/21,9:42:32,9,EPTFUS,Undamaged,W,1
7/19/21,21:40:59,21,7/19/21,9:40:59,9,EPTFUS,Undamaged,W,1
7/19/21,21:21:28,21,7/19/21,9:21:28,9,EPTFUS,Undamaged,W,1
7/19/21,21:42:17,21,7/19/21,9:42:17,9,EPTFUS,Undamaged,W,1
7/19/21,21:38:22,21,7/19/21,9:38:22,9,EPTFUS,Undamaged,W,1
7/19/21,21:44:52,21,7/19/21,9:44:52,9,EPTFUS,Undamaged,W,1
7/19/21,21:39:42,21,7/19/21,9:39:42,9,EPTFUS,Undamaged,W,1
7/19/21,21:40:28,21,7/19/21,9:40:28,9,EPTFUS,Undamaged,W,1
7/19/21,21:39:57,21,7/19/21,9:39:57,9,EPTFUS,Undamaged,W,1
7/19/21,21:44:06,21,7/19/21,9:44:06,9,EPTFUS,Undamaged,W,1
7/19/21,21:43:35,21,7/19/21,9:43:35,9,EPTFUS,Undamaged,W,1
7/19/21,21:41:15,21,7/19/21,9:41:15,9,EPTFUS,Undamaged,W,1
7/19/21,21:39:26,21,7/19/21,9:39:26,9,EPTFUS,Undamaged,W,1
7/19/21,21:47:59,21,7/19/21,9:47:59,9,EPTFUS,Undamaged,W,1
7/19/21,21:40:13,21,7/19/21,9:40:13,9,EPTFUS,Undamaged,W,1
7/19/21,21:42:49,21,7/19/21,9:42:49,9,EPTFUS,Undamaged,W,1
7/19/21,21:27:29,21,7/19/21,9:27:29,9,EPTFUS,Undamaged,W,1
7/19/21,23:56:46,23,7/19/21,11:56:46,11,EPTFUS,Undamaged,W,1
7/19/21,21:40:44,21,7/19/21,9:40:44,9,EPTFUS,Undamaged,W,1
7/19/21,23:23:08,23,7/19/21,11:23:08,11,EPTFUS,Undamaged,W,1
7/19/21,21:28:46,21,7/19/21,9:28:46,9,EPTFUS,Undamaged,W,1
7/19/21,21:37:05,21,7/19/21,9:37:05,9,EPTFUS,Undamaged,W,1
7/19/21,21:22:47,21,7/19/21,9:22:47,9,EPTFUS,Undamaged,W,1
7/19/21,21:45:07,21,7/19/21,9:45:07,9,EPTFUS,Undamaged,W,1
7/19/21,21:32:08,21,7/19/21,9:32:08,9,EPTFUS,Undamaged,W,1
7/19/21,21:21:12,21,7/19/21,9:21:12,9,EPTFUS,Undamaged,W,1
7/19/21,21:47:42,21,7/19/21,9:47:42,9,EPTFUS,Undamaged,W,1
7/19/21,21:45:23,21,7/19/21,9:45:23,9,EPTFUS,Undamaged,W,1
7/19/21,21:37:20,21,7/19/21,9:37:20,9,EPTFUS,Undamaged,W,1
7/19/21,21:47:27,21,7/19/21,9:47:27,9,EPTFUS,Undamaged,W,1
7/19/21,21:35:32,21,7/19/21,9:35:32,9,EPTFUS,Undamaged,W,1
7/19/21,21:42:01,21,7/19/21,9:42:01,9,EPTFUS,Undamaged,W,1
7/19/21,21:56:56,21,7/19/21,9:56:56,9,EPTFUS,Undamaged,W,1
7/19/21,21:59:20,21,7/19/21,9:59:20,9,EPTFUS,Undamaged,W,1
7/19/21,21:45:38,21,7/19/21,9:45:38,9,EPTFUS,Undamaged,W,1
7/19/21,21:41:30,21,7/19/21,9:41:30,9,EPTFUS,Undamaged,W,1
7/19/21,21:19:54,21,7/19/21,9:19:54,9,EPTFUS,Undamaged,W,1
7/19/21,21:31:37,21,7/19/21,9:31:37,9,EPTFUS,Undamaged,W,1
7/19/21,21:51:21,21,7/19/21,9:51:21,9,EPTFUS,Undamaged,W,1
7/19/21,21:38:07,21,7/19/21,9:38:07,9,EPTFUS,Undamaged,W,1
7/19/21,21:33:26,21,7/19/21,9:33:26,9,EPTFUS,Undamaged,W,1
7/19/21,21:24:05,21,7/19/21,9:24:05,9,EPTFUS,Undamaged,W,1
7/19/21,21:46:40,21,7/19/21,9:46:40,9,EPTFUS,Undamaged,W,1
7/19/21,21:37:51,21,7/19/21,9:37:51,9,EPTFUS,Undamaged,W,1
7/19/21,21:48:14,21,7/19/21,9:48:14,9,EPTFUS,Undamaged,W,1
7/19/21,21:44:36,21,7/19/21,9:44:36,9,EPTFUS,Undamaged,W,1
7/19/21,21:41:46,21,7/19/21,9:41:46,9,EPTFUS,Undamaged,W,1
7/19/21,21:20:41,21,7/19/21,9:20:41,9,EPTFUS,Undamaged,W,1
7/19/21,21:21:45,21,7/19/21,9:21:45,9,EPTFUS,Undamaged,W,1
7/19/21,21:47:11,21,7/19/21,9:47:11,9,EPTFUS,Undamaged,W,1
7/19/21,21:43:50,21,7/19/21,9:43:50,9,EPTFUS,Undamaged,W,1
7/19/21,21:39:11,21,7/19/21,9:39:11,9,EPTFUS,Undamaged,W,1
7/19/21,23:28:11,23,7/19/21,11:28:11,11,EPTFUS,Undamaged,W,1
7/19/21,21:43:20,21,7/19/21,9:43:20,9,EPTFUS,Undamaged,W,1
7/19/21,22:14:59,22,7/19/21,10:14:59,10,EPTFUS,Undamaged,W,1
7/19/21,21:36:34,21,7/19/21,9:36:34,9,EPTFUS,Undamaged,W,1
7/19/21,21:48:30,21,7/19/21,9:48:30,9,EPTFUS,Undamaged,W,1
7/19/21,21:24:52,21,7/19/21,9:24:52,9,EPTFUS,Undamaged,W,1
7/19/21,21:26:26,21,7/19/21,9:26:26,9,EPTFUS,Undamaged,W,1
7/19/21,21:48:45,21,7/19/21,9:48:45,9,EPTFUS,Undamaged,W,1
7/19/21,21:25:40,21,7/19/21,9:25:40,9,EPTFUS,Undamaged,W,1
7/19/21,21:24:37,21,7/19/21,9:24:37,9,EPTFUS,Undamaged,W,1
7/19/21,22:01:25,22,7/19/21,10:01:25,10,EPTFUS,Undamaged,W,1
7/19/21,21:29:32,21,7/19/21,9:29:32,9,EPTFUS,Undamaged,W,1
7/19/21,21:43:05,21,7/19/21,9:43:05,9,EPTFUS,Undamaged,W,1
7/19/21,23:43:03,23,7/19/21,11:43:03,11,EPTFUS,Undamaged,W,1
7/19/21,21:37:36,21,7/19/21,9:37:36,9,EPTFUS,Undamaged,W,1
7/19/21,21:30:50,21,7/19/21,9:30:50,9,EPTFUS,Undamaged,W,1
7/19/21,21:51:05,21,7/19/21,9:51:05,9,EPTFUS,Undamaged,W,1
7/19/21,21:27:59,21,7/19/21,9:27:59,9,EPTFUS,Undamaged,W,1
7/19/21,21:20:56,21,7/19/21,9:20:56,9,EPTFUS,Undamaged,W,1
7/19/21,21:34:44,21,7/19/21,9:34:44,9,EPTFUS,Undamaged,W,1
7/19/21,21:26:42,21,7/19/21,9:26:42,9,EPTFUS,Undamaged,W,1
7/19/21,22:12:03,22,7/19/21,10:12:03,10,EPTFUS,Undamaged,W,1
7/19/21,21:22:16,21,7/19/21,9:22:16,9,EPTFUS,Undamaged,W,1
7/19/21,21:20:10,21,7/19/21,9:20:10,9,EPTFUS,Undamaged,W,1
7/19/21,22:00:38,22,7/19/21,10:00:38,10,EPTFUS,Undamaged,W,1
7/19/21,21:46:56,21,7/19/21,9:46:56,9,EPTFUS,Undamaged,W,1
7/19/21,21:44:21,21,7/19/21,9:44:21,9,EPTFUS,Undamaged,W,1
7/19/21,23:22:53,23,7/19/21,11:22:53,11,EPTFUS,Undamaged,W,1
7/19/21,21:38:54,21,7/19/21,9:38:54,9,EPTFUS,Undamaged,W,1
7/19/21,21:30:03,21,7/19/21,9:30:03,9,EPTFUS,Undamaged,W,1
7/19/21,21:28:15,21,7/19/21,9:28:15,9,EPTFUS,Undamaged,W,1
7/19/21,21:25:23,21,7/19/21,9:25:23,9,EPTFUS,Undamaged,W,1
7/19/21,21:33:57,21,7/19/21,9:33:57,9,EPTFUS,Undamaged,W,1
7/19/21,21:35:16,21,7/19/21,9:35:16,9,EPTFUS,Undamaged,W,1
7/19/21,21:31:53,21,7/19/21,9:31:53,9,EPTFUS,Undamaged,W,1
7/19/21,21:33:42,21,7/19/21,9:33:42,9,EPTFUS,Undamaged,W,1
7/19/21,23:47:42,23,7/19/21,11:47:42,11,EPTFUS,Undamaged,W,1
7/19/21,21:33:11,21,7/19/21,9:33:11,9,EPTFUS,Undamaged,W,1
7/19/21,21:22:32,21,7/19/21,9:22:32,9,EPTFUS,Undamaged,W,1
7/19/21,21:28:30,21,7/19/21,9:28:30,9,EPTFUS,Undamaged,W,1
7/19/21,21:46:25,21,7/19/21,9:46:25,9,EPTFUS,Undamaged,W,1
7/19/21,22:06:17,22,7/19/21,10:06:17,10,EPTFUS,Undamaged,W,1
7/19/21,22:01:10,22,7/19/21,10:01:10,10,EPTFUS,Undamaged,W,1
7/19/21,21:23:33,21,7/19/21,9:23:33,9,EPTFUS,Undamaged,W,1
7/19/21,21:29:48,21,7/19/21,9:29:48,9,EPTFUS,Undamaged,W,1
7/19/21,21:30:19,21,7/19/21,9:30:19,9,EPTFUS,Undamaged,W,1
7/19/21,22:03:14,22,7/19/21,10:03:14,10,EPTFUS,Undamaged,W,1
7/19/21,21:36:18,21,7/19/21,9:36:18,9,EPTFUS,Undamaged,W,1
7/19/21,21:32:55,21,7/19/21,9:32:55,9,EPTFUS,Undamaged,W,1
7/19/21,22:35:57,22,7/19/21,10:35:57,10,EPTFUS,Undamaged,W,1
7/19/21,21:49:47,21,7/19/21,9:49:47,9,EPTFUS,Undamaged,W,1
7/19/21,22:55:02,22,7/19/21,10:55:02,10,EPTFUS,Undamaged,W,1
7/19/21,23:16:20,23,7/19/21,11:16:20,11,EPTFUS,Undamaged,W,1
7/19/21,21:32:40,21,7/19/21,9:32:40,9,EPTFUS,Undamaged,W,1
7/19/21,21:59:36,21,7/19/21,9:59:36,9,EPTFUS,Undamaged,W,1
7/19/21,21:23:18,21,7/19/21,9:23:18,9,EPTFUS,Undamaged,W,1
7/19/21,21:34:29,21,7/19/21,9:34:29,9,EPTFUS,Undamaged,W,1
7/19/21,21:31:21,21,7/19/21,9:31:21,9,EPTFUS,Undamaged,W,1
7/19/21,22:06:02,22,7/19/21,10:06:02,10,EPTFUS,Undamaged,W,1
7/19/21,23:07:43,23,7/19/21,11:07:43,11,EPTFUS,Undamaged,W,1
7/19/21,22:22:05,22,7/19/21,10:22:05,10,EPTFUS,Undamaged,W,1
7/19/21,21:53:56,21,7/19/21,9:53:56,9,EPTFUS,Undamaged,W,1
7/19/21,21:25:55,21,7/19/21,9:25:55,9,EPTFUS,Undamaged,W,1
7/19/21,22:00:07,22,7/19/21,10:00:07,10,EPTFUS,Undamaged,W,1
7/19/21,21:26:57,21,7/19/21,9:26:57,9,EPTFUS,Undamaged,W,1
7/19/21,21:59:51,21,7/19/21,9:59:51,9,EPTFUS,Undamaged,W,1
7/19/21,22:45:14,22,7/19/21,10:45:14,10,EPTFUS,Undamaged,W,1
7/19/21,21:55:14,21,7/19/21,9:55:14,9,EPTFUS,Undamaged,W,1
7/19/21,23:44:38,23,7/19/21,11:44:38,11,EPTFUS,Undamaged,W,1
7/19/21,21:45:54,21,7/19/21,9:45:54,9,EPTFUS,Undamaged,W,1
7/19/21,23:00:16,23,7/19/21,11:00:16,11,EPTFUS,Undamaged,W,1
7/19/21,21:50:50,21,7/19/21,9:50:50,9,EPTFUS,Undamaged,W,1
7/19/21,22:13:23,22,7/19/21,10:13:23,10,EPTFUS,Undamaged,W,1
7/19/21,21:23:03,21,7/19/21,9:23:03,9,EPTFUS,Undamaged,W,1
7/19/21,21:19:39,21,7/19/21,9:19:39,9,EPTFUS,Undamaged,W,1
7/19/21,23:53:56,23,7/19/21,11:53:56,11,EPTFUS,Undamaged,W,1
7/19/21,21:31:05,21,7/19/21,9:31:05,9,EPTFUS,Undamaged,W,1
7/19/21,22:36:13,22,7/19/21,10:36:13,10,EPTFUS,Undamaged,W,1
7/19/21,21:32:24,21,7/19/21,9:32:24,9,EPTFUS,Undamaged,W,1
7/19/21,22:00:23,22,7/19/21,10:00:23,10,EPTFUS,Undamaged,W,1
7/19/21,23:55:13,23,7/19/21,11:55:13,11,LASBOR,Undamaged,W,1
7/19/21,20:45:11,20,7/19/21,8:45:11,8,LASSEM,Undamaged,W,1
7/19/21,21:00:50,21,7/19/21,9:00:50,9,LASSEM,Undamaged,W,1
7/19/21,21:06:30,21,7/19/21,9:06:30,9,LASSEM,Undamaged,W,1
7/19/21,20:44:44,20,7/19/21,8:44:44,8,LASSEM,Undamaged,W,1
7/19/21,21:06:46,21,7/19/21,9:06:46,9,LASSEM,Undamaged,W,1
7/19/21,21:02:58,21,7/19/21,9:02:58,9,LASSEM,Undamaged,W,1
7/19/21,22:34:08,22,7/19/21,10:34:08,10,LASSEM,Undamaged,W,1
7/19/21,21:24:21,21,7/19/21,9:24:21,9,LASSEM,Undamaged,W,1
7/19/21,21:05:43,21,7/19/21,9:05:43,9,LASSEM,Undamaged,W,1
7/19/21,20:50:16,20,7/19/21,8:50:16,8,LASSEM,Undamaged,W,1
7/19/21,22:13:08,22,7/19/21,10:13:08,10,NYCHUM,Undamaged,W,1
7/20/21,0:35:19,0,7/19/21,12:35:19,12,EPTFUS,Damaged,E,1
7/20/21,0:04:16,0,7/19/21,12:04:16,12,EPTFUS,Damaged,E,1
7/20/21,0:18:25,0,7/19/21,12:18:25,12,EPTFUS,Damaged,E,1
7/20/21,1:47:58,1,7/19/21,13:47:58,13,EPTFUS,Damaged,E,1
7/20/21,1:11:20,1,7/19/21,13:11:20,13,EPTFUS,Damaged,E,1
7/20/21,3:09:49,3,7/19/21,15:09:49,15,EPTFUS,Damaged,E,1
7/20/21,0:02:23,0,7/19/21,12:02:23,12,EPTFUS,Damaged,E,1
7/20/21,0:02:45,0,7/19/21,12:02:45,12,EPTFUS,Damaged,E,1
7/20/21,0:30:05,0,7/19/21,12:30:05,12,EPTFUS,Damaged,E,1
7/20/21,0:09:40,0,7/19/21,12:09:40,12,EPTFUS,Damaged,E,1
7/20/21,0:10:43,0,7/19/21,12:10:43,12,EPTFUS,Damaged,E,1
7/20/21,0:01:26,0,7/19/21,12:01:26,12,EPTFUS,Damaged,E,1
7/20/21,0:12:06,0,7/19/21,12:12:06,12,EPTFUS,Damaged,E,1
7/20/21,0:28:47,0,7/19/21,12:28:47,12,EPTFUS,Damaged,E,1
7/20/21,0:17:49,0,7/19/21,12:17:49,12,EPTFUS,Damaged,E,1
7/20/21,0:03:48,0,7/19/21,12:03:48,12,EPTFUS,Damaged,E,1
7/20/21,0:43:03,0,7/19/21,12:43:03,12,EPTFUS,Damaged,E,1
7/20/21,1:44:39,1,7/19/21,13:44:39,13,EPTFUS,Damaged,E,1
7/20/21,0:30:26,0,7/19/21,12:30:26,12,EPTFUS,Damaged,E,1
7/20/21,1:19:01,1,7/19/21,13:19:01,13,EPTFUS,Damaged,E,1
7/20/21,0:33:34,0,7/19/21,12:33:34,12,EPTFUS,Damaged,E,1
7/20/21,0:18:04,0,7/19/21,12:18:04,12,EPTFUS,Damaged,E,1
7/20/21,1:28:08,1,7/19/21,13:28:08,13,EPTFUS,Damaged,E,1
7/20/21,1:47:28,1,7/19/21,13:47:28,13,EPTFUS,Damaged,E,1
7/20/21,1:21:56,1,7/19/21,13:21:56,13,EPTFUS,Damaged,E,1
7/20/21,0:12:36,0,7/19/21,12:12:36,12,EPTFUS,Damaged,E,1
7/20/21,1:08:21,1,7/19/21,13:08:21,13,EPTFUS,Damaged,E,1
7/20/21,0:08:56,0,7/19/21,12:08:56,12,EPTFUS,Damaged,E,1
7/20/21,0:13:31,0,7/19/21,12:13:31,12,EPTFUS,Damaged,E,1
7/20/21,2:41:36,2,7/19/21,14:41:36,14,EPTFUS,Damaged,E,1
7/20/21,0:14:04,0,7/19/21,12:14:04,12,EPTFUS,Damaged,E,1
7/20/21,1:22:29,1,7/19/21,13:22:29,13,EPTFUS,Damaged,E,1
7/20/21,0:08:04,0,7/19/21,12:08:04,12,EPTFUS,Damaged,E,1
7/20/21,1:54:35,1,7/19/21,13:54:35,13,EPTFUS,Damaged,E,1
7/20/21,0:33:49,0,7/19/21,12:33:49,12,EPTFUS,Damaged,E,1
7/20/21,0:31:48,0,7/19/21,12:31:48,12,EPTFUS,Damaged,E,1
7/20/21,0:11:10,0,7/19/21,12:11:10,12,EPTFUS,Damaged,E,1
7/20/21,0:37:48,0,7/19/21,12:37:48,12,EPTFUS,Damaged,E,1
7/20/21,1:19:41,1,7/19/21,13:19:41,13,EPTFUS,Damaged,E,1
7/20/21,1:43:38,1,7/19/21,13:43:38,13,EPTFUS,Damaged,E,1
7/20/21,0:04:31,0,7/19/21,12:04:31,12,EPTFUS,Damaged,E,1
7/20/21,0:09:52,0,7/19/21,12:09:52,12,EPTFUS,Damaged,E,1
7/20/21,0:34:49,0,7/19/21,12:34:49,12,EPTFUS,Damaged,E,1
7/20/21,0:16:54,0,7/19/21,12:16:54,12,EPTFUS,Damaged,E,1
7/20/21,1:18:47,1,7/19/21,13:18:47,13,EPTFUS,Damaged,E,1
7/20/21,0:13:44,0,7/19/21,12:13:44,12,EPTFUS,Damaged,E,1
7/20/21,0:09:26,0,7/19/21,12:09:26,12,EPTFUS,Damaged,E,1
7/20/21,1:21:35,1,7/19/21,13:21:35,13,EPTFUS,Damaged,E,1
7/20/21,1:17:07,1,7/19/21,13:17:07,13,EPTFUS,Damaged,E,1
7/20/21,0:05:13,0,7/19/21,12:05:13,12,EPTFUS,Damaged,E,1
7/20/21,0:18:46,0,7/19/21,12:18:46,12,EPTFUS,Damaged,E,1
7/20/21,1:24:06,1,7/19/21,13:24:06,13,EPTFUS,Damaged,E,1
7/20/21,1:04:32,1,7/19/21,13:04:32,13,EPTFUS,Damaged,E,1
7/20/21,1:27:21,1,7/19/21,13:27:21,13,EPTFUS,Damaged,E,1
7/20/21,0:01:04,0,7/19/21,12:01:04,12,EPTFUS,Damaged,E,1
7/20/21,0:16:43,0,7/19/21,12:16:43,12,EPTFUS,Damaged,E,1
7/20/21,1:08:36,1,7/19/21,13:08:36,13,EPTFUS,Damaged,E,1
7/20/21,1:22:57,1,7/19/21,13:22:57,13,EPTFUS,Damaged,E,1
7/20/21,0:28:35,0,7/19/21,12:28:35,12,EPTFUS,Damaged,E,1
7/20/21,1:17:51,1,7/19/21,13:17:51,13,EPTFUS,Damaged,E,1
7/20/21,1:24:29,1,7/19/21,13:24:29,13,EPTFUS,Damaged,E,1
7/20/21,1:25:39,1,7/19/21,13:25:39,13,EPTFUS,Damaged,E,1
7/20/21,1:16:53,1,7/19/21,13:16:53,13,EPTFUS,Damaged,E,1
7/20/21,1:27:50,1,7/19/21,13:27:50,13,EPTFUS,Damaged,E,1
7/20/21,1:19:26,1,7/19/21,13:19:26,13,EPTFUS,Damaged,E,1
7/20/21,1:23:44,1,7/19/21,13:23:44,13,EPTFUS,Damaged,E,1
7/20/21,1:25:19,1,7/19/21,13:25:19,13,EPTFUS,Damaged,E,1
7/20/21,0:04:52,0,7/19/21,12:04:52,12,EPTFUS,Damaged,E,1
7/20/21,2:43:48,2,7/19/21,14:43:48,14,EPTFUS,Damaged,E,1
7/20/21,0:19:51,0,7/19/21,12:19:51,12,EPTFUS,Damaged,E,1
7/20/21,1:46:33,1,7/19/21,13:46:33,13,EPTFUS,Damaged,E,1
7/20/21,0:11:00,0,7/19/21,12:11:00,12,EPTFUS,Damaged,E,1
7/20/21,1:17:34,1,7/19/21,13:17:34,13,EPTFUS,Damaged,E,1
7/20/21,2:02:20,2,7/19/21,14:02:20,14,EPTFUS,Damaged,E,1
7/20/21,2:10:05,2,7/19/21,14:10:05,14,EPTFUS,Damaged,E,1
7/20/21,0:28:13,0,7/19/21,12:28:13,12,EPTFUS,Damaged,E,1
7/20/21,0:33:00,0,7/19/21,12:33:00,12,EPTFUS,Damaged,E,1
7/20/21,1:21:02,1,7/19/21,13:21:02,13,EPTFUS,Damaged,E,1
7/20/21,1:13:08,1,7/19/21,13:13:08,13,EPTFUS,Damaged,E,1
7/20/21,2:41:05,2,7/19/21,14:41:05,14,EPTFUS,Damaged,E,1
7/20/21,1:37:39,1,7/19/21,13:37:39,13,EPTFUS,Damaged,E,1
7/20/21,0:36:57,0,7/19/21,12:36:57,12,EPTFUS,Damaged,E,1
7/20/21,0:58:03,0,7/19/21,12:58:03,12,EPTFUS,Damaged,E,1
7/20/21,0:34:15,0,7/19/21,12:34:15,12,EPTFUS,Damaged,E,1
7/20/21,0:41:01,0,7/19/21,12:41:01,12,EPTFUS,Damaged,E,1
7/20/21,1:19:12,1,7/19/21,13:19:12,13,EPTFUS,Damaged,E,1
7/20/21,1:22:12,1,7/19/21,13:22:12,13,EPTFUS,Damaged,E,1
7/20/21,0:13:15,0,7/19/21,12:13:15,12,EPTFUS,Damaged,E,1
7/20/21,0:17:27,0,7/19/21,12:17:27,12,EPTFUS,Damaged,E,1
7/20/21,0:19:05,0,7/19/21,12:19:05,12,EPTFUS,Damaged,E,1
7/20/21,0:17:09,0,7/19/21,12:17:09,12,EPTFUS,Damaged,E,1
7/20/21,0:20:17,0,7/19/21,12:20:17,12,EPTFUS,Damaged,E,1
7/20/21,1:23:30,1,7/19/21,13:23:30,13,EPTFUS,Damaged,E,1
7/20/21,0:53:06,0,7/19/21,12:53:06,12,EPTFUS,Damaged,E,1
7/20/21,0:33:15,0,7/19/21,12:33:15,12,EPTFUS,Damaged,E,1
7/20/21,0:33:24,0,7/19/21,12:33:24,12,EPTFUS,Damaged,E,1
7/20/21,1:32:25,1,7/19/21,13:32:25,13,EPTFUS,Damaged,E,1
7/20/21,0:02:08,0,7/19/21,12:02:08,12,EPTFUS,Damaged,E,1
7/20/21,0:09:16,0,7/19/21,12:09:16,12,EPTFUS,Damaged,E,1
7/20/21,2:13:53,2,7/19/21,14:13:53,14,LASBOR,Damaged,E,1
7/20/21,1:44:24,1,7/19/21,13:44:24,13,LASBOR,Damaged,E,1
7/20/21,5:03:57,5,7/19/21,17:03:57,17,LASCIN,Damaged,E,1
7/20/21,1:30:00,1,7/19/21,13:30:00,13,LASNOC,Damaged,E,1
7/20/21,5:25:35,5,7/19/21,17:25:35,17,LASSEM,Damaged,E,1
7/20/21,5:08:10,5,7/19/21,17:08:10,17,LASSEM,Damaged,E,1
7/20/21,5:27:55,5,7/19/21,17:27:55,17,LASSEM,Damaged,E,1
7/20/21,5:27:12,5,7/19/21,17:27:12,17,LASSEM,Damaged,E,1
7/20/21,2:29:47,2,7/19/21,14:29:47,14,LASSEM,Damaged,E,1
7/20/21,4:15:33,4,7/19/21,16:15:33,16,LASSEM,Damaged,E,1
7/20/21,0:52:26,0,7/19/21,12:52:26,12,LASSEM,Damaged,E,1
7/20/21,2:58:16,2,7/19/21,14:58:16,14,LASSEM,Damaged,E,1
7/20/21,1:34:09,1,7/19/21,13:34:09,13,LASSEM,Damaged,E,1
7/20/21,0:27:44,0,7/19/21,12:27:44,12,LASSEM,Damaged,E,1
7/20/21,5:10:01,5,7/19/21,17:10:01,17,LASSEM,Damaged,E,1
7/20/21,5:12:52,5,7/19/21,17:12:52,17,LASSEM,Damaged,E,1
7/20/21,0:01:43,0,7/19/21,12:01:43,12,MYOLUC,Damaged,E,1
7/20/21,5:32:31,5,7/19/21,17:32:31,17,NYCHUM,Damaged,E,1
7/20/21,2:29:20,2,7/19/21,14:29:20,14,NYCHUM,Damaged,E,1
7/20/21,5:20:09,5,7/19/21,17:20:09,17,NYCHUM,Damaged,E,1
7/20/21,2:58:39,2,7/19/21,14:58:39,14,NYCHUM,Damaged,E,1
7/20/21,0:56:42,0,7/19/21,12:56:42,12,EPTFUS,Undamaged,W,1
7/20/21,0:55:40,0,7/19/21,12:55:40,12,EPTFUS,Undamaged,W,1
7/20/21,0:38:20,0,7/19/21,12:38:20,12,EPTFUS,Undamaged,W,1
7/20/21,4:10:36,4,7/19/21,16:10:36,16,EPTFUS,Undamaged,W,1
7/20/21,3:12:06,3,7/19/21,15:12:06,15,EPTFUS,Undamaged,W,1
7/20/21,0:54:54,0,7/19/21,12:54:54,12,EPTFUS,Undamaged,W,1
7/20/21,3:45:24,3,7/19/21,15:45:24,15,EPTFUS,Undamaged,W,1
7/20/21,0:15:10,0,7/19/21,12:15:10,12,EPTFUS,Undamaged,W,1
7/20/21,0:15:42,0,7/19/21,12:15:42,12,EPTFUS,Undamaged,W,1
7/20/21,0:54:38,0,7/19/21,12:54:38,12,EPTFUS,Undamaged,W,1
7/20/21,2:38:48,2,7/19/21,14:38:48,14,EPTFUS,Undamaged,W,1
7/20/21,0:23:05,0,7/19/21,12:23:05,12,EPTFUS,Undamaged,W,1
7/20/21,3:10:20,3,7/19/21,15:10:20,15,EPTFUS,Undamaged,W,1
7/20/21,0:59:52,0,7/19/21,12:59:52,12,EPTFUS,Undamaged,W,1
7/20/21,0:15:57,0,7/19/21,12:15:57,12,EPTFUS,Undamaged,W,1
7/20/21,0:18:52,0,7/19/21,12:18:52,12,EPTFUS,Undamaged,W,1
7/20/21,0:15:26,0,7/19/21,12:15:26,12,EPTFUS,Undamaged,W,1
7/20/21,0:57:30,0,7/19/21,12:57:30,12,EPTFUS,Undamaged,W,1
7/20/21,0:51:26,0,7/19/21,12:51:26,12,EPTFUS,Undamaged,W,1
7/20/21,0:55:09,0,7/19/21,12:55:09,12,EPTFUS,Undamaged,W,1
7/20/21,0:39:38,0,7/19/21,12:39:38,12,EPTFUS,Undamaged,W,1
7/20/21,0:55:55,0,7/19/21,12:55:55,12,EPTFUS,Undamaged,W,1
7/20/21,5:17:43,5,7/19/21,17:17:43,17,LASBOR,Undamaged,W,1
7/20/21,3:32:32,3,7/19/21,15:32:32,15,LASCIN,Undamaged,W,1
7/20/21,3:21:36,3,7/19/21,15:21:36,15,LASCIN,Undamaged,W,1
7/20/21,5:41:31,5,7/19/21,17:41:31,17,LASCIN,Undamaged,W,1
7/20/21,5:41:47,5,7/19/21,17:41:47,17,LASCIN,Undamaged,W,1
7/20/21,5:41:20,5,7/19/21,17:41:20,17,LASCIN,Undamaged,W,1
7/20/21,1:19:42,1,7/19/21,13:19:42,13,LASNOC,Undamaged,W,1
7/20/21,0:53:33,0,7/19/21,12:53:33,12,LASNOC,Undamaged,W,1
7/20/21,0:57:46,0,7/19/21,12:57:46,12,LASNOC,Undamaged,W,1
7/20/21,5:29:38,5,7/19/21,17:29:38,17,LASSEM,Undamaged,W,1
7/20/21,5:25:31,5,7/19/21,17:25:31,17,LASSEM,Undamaged,W,1
7/20/21,5:22:41,5,7/19/21,17:22:41,17,LASSEM,Undamaged,W,1
7/20/21,5:32:43,5,7/19/21,17:32:43,17,LASSEM,Undamaged,W,1
7/20/21,5:30:08,5,7/19/21,17:30:08,17,LASSEM,Undamaged,W,1
7/20/21,5:29:22,5,7/19/21,17:29:22,17,LASSEM,Undamaged,W,1
7/20/21,5:29:53,5,7/19/21,17:29:53,17,LASSEM,Undamaged,W,1
7/20/21,5:25:46,5,7/19/21,17:25:46,17,LASSEM,Undamaged,W,1
7/20/21,5:40:39,5,7/19/21,17:40:39,17,LASSEM,Undamaged,W,1
7/20/21,5:35:03,5,7/19/21,17:35:03,17,LASSEM,Undamaged,W,1
7/20/21,5:16:34,5,7/19/21,17:16:34,17,LASSEM,Undamaged,W,1
7/20/21,5:22:57,5,7/19/21,17:22:57,17,LASSEM,Undamaged,W,1
7/20/21,5:14:25,5,7/19/21,17:14:25,17,LASSEM,Undamaged,W,1
7/20/21,5:34:04,5,7/19/21,17:34:04,17,LASSEM,Undamaged,W,1
7/20/21,5:39:25,5,7/19/21,17:39:25,17,LASSEM,Undamaged,W,1
7/20/21,5:36:28,5,7/19/21,17:36:28,17,LASSEM,Undamaged,W,1
7/20/21,5:35:36,5,7/19/21,17:35:36,17,LASSEM,Undamaged,W,1
7/20/21,5:33:09,5,7/19/21,17:33:09,17,LASSEM,Undamaged,W,1
7/20/21,5:42:36,5,7/19/21,17:42:36,17,LASSEM,Undamaged,W,1
7/20/21,5:15:59,5,7/19/21,17:15:59,17,LASSEM,Undamaged,W,1
7/20/21,5:10:20,5,7/19/21,17:10:20,17,LASSEM,Undamaged,W,1
7/20/21,5:20:02,5,7/19/21,17:20:02,17,LASSEM,Undamaged,W,1
7/20/21,5:09:57,5,7/19/21,17:09:57,17,LASSEM,Undamaged,W,1
7/20/21,5:20:57,5,7/19/21,17:20:57,17,LASSEM,Undamaged,W,1
7/20/21,5:08:42,5,7/19/21,17:08:42,17,LASSEM,Undamaged,W,1
7/20/21,5:32:58,5,7/19/21,17:32:58,17,LASSEM,Undamaged,W,1
7/20/21,5:26:02,5,7/19/21,17:26:02,17,LASSEM,Undamaged,W,1
7/20/21,5:14:45,5,7/19/21,17:14:45,17,LASSEM,Undamaged,W,1
7/20/21,5:46:50,5,7/19/21,17:46:50,17,LASSEM,Undamaged,W,1
7/20/21,5:31:41,5,7/19/21,17:31:41,17,LASSEM,Undamaged,W,1
7/20/21,5:35:56,5,7/19/21,17:35:56,17,LASSEM,Undamaged,W,1
7/20/21,5:17:26,5,7/19/21,17:17:26,17,LASSEM,Undamaged,W,1
7/20/21,4:18:08,4,7/19/21,16:18:08,16,LASSEM,Undamaged,W,1
7/20/21,3:40:14,3,7/19/21,15:40:14,15,LASSEM,Undamaged,W,1
7/20/21,4:43:33,4,7/19/21,16:43:33,16,LASSEM,Undamaged,W,1
7/20/21,4:43:42,4,7/19/21,16:43:42,16,LASSEM,Undamaged,W,1
7/20/21,5:11:58,5,7/19/21,17:11:58,17,LASSEM,Undamaged,W,1
7/20/21,5:40:18,5,7/19/21,17:40:18,17,LASSEM,Undamaged,W,1
7/20/21,5:45:01,5,7/19/21,17:45:01,17,LASSEM,Undamaged,W,1
7/20/21,5:35:29,5,7/19/21,17:35:29,17,LASSEM,Undamaged,W,1
7/20/21,5:38:59,5,7/19/21,17:38:59,17,LASSEM,Undamaged,W,1
7/20/21,5:06:56,5,7/19/21,17:06:56,17,LASSEM,Undamaged,W,1
7/20/21,5:45:06,5,7/19/21,17:45:06,17,LASSEM,Undamaged,W,1
7/20/21,5:19:10,5,7/19/21,17:19:10,17,LASSEM,Undamaged,W,1
7/20/21,5:10:56,5,7/19/21,17:10:56,17,LASSEM,Undamaged,W,1
7/20/21,5:28:58,5,7/19/21,17:28:58,17,LASSEM,Undamaged,W,1
7/20/21,1:11:51,1,7/19/21,13:11:51,13,MYOLUC,Undamaged,W,1
7/20/21,1:57:36,1,7/19/21,13:57:36,13,MYOLUC,Undamaged,W,1
7/20/21,4:48:33,4,7/19/21,16:48:33,16,MYOLUC,Undamaged,W,1
7/20/21,0:14:39,0,7/19/21,12:14:39,12,MYOLUC,Undamaged,W,1
7/20/21,3:51:48,3,7/19/21,15:51:48,15,MYOLUC,Undamaged,W,1
7/20/21,2:00:34,2,7/19/21,14:00:34,14,MYOLUC,Undamaged,W,1
7/20/21,5:28:16,5,7/19/21,17:28:16,17,NYCHUM,Undamaged,W,1
7/20/21,5:43:16,5,7/19/21,17:43:16,17,NYCHUM,Undamaged,W,1
7/20/21,5:22:14,5,7/19/21,17:22:14,17,NYCHUM,Undamaged,W,1
7/20/21,5:16:50,5,7/19/21,17:16:50,17,NYCHUM,Undamaged,W,1
7/20/21,5:42:14,5,7/19/21,17:42:14,17,NYCHUM,Undamaged,W,1
7/20/21,5:24:00,5,7/19/21,17:24:00,17,NYCHUM,Undamaged,W,1
7/20/21,5:13:16,5,7/19/21,17:13:16,17,NYCHUM,Undamaged,W,1
7/20/21,5:30:59,5,7/19/21,17:30:59,17,NYCHUM,Undamaged,W,1
7/20/21,5:19:18,5,7/19/21,17:19:18,17,NYCHUM,Undamaged,W,1
7/20/21,5:24:24,5,7/19/21,17:24:24,17,NYCHUM,Undamaged,W,1
,,,,,,,,,
,,,,,,,,,
,,,,,,,,,
,,,,,,,,,
,,,,,,,,,
,,,,,,,,,
,,,,,,,,,
,,,,,,,,,
,,,,,,,,,
,,,,,,,,,
,,,,,,,,,
,,,,,,,,,
,,,,,,,,,
,,,,,,,,,
,,,,,,,,,
,,,,,,,,,
,,,,,,,,,
,,,,,,,,,
,,,,,,,,,
,,,,,,,,,
,,,,,,,,,
,,,,,,,,,
,,,,,,,,,
,,,,,,,,,
,,,,,,,,,
,,,,,,,,,
,,,,,,,,,
,,,,,,,,,
,,,,,,,,,
,,,,,,,,,
,,,,,,,,,
,,,,,,,,,
,,,,,,,,,
,,,,,,,,,
,,,,,,,,,
,,,,,,,,,
,,,,,,,,,
,,,,,,,,,
,,,,,,,,,
,,,,,,,,,
,,,,,,,,,
,,,,,,,,,
,,,,,,,,,
,,,,,,,,,
,,,,,,,,,
,,,,,,,,,
,,,,,,,,,
,,,,,,,,,
,,,,,,,,,
,,,,,,,,,
,,,,,,,,,
,,,,,,,,,
,,,,,,,,,
,,,,,,,,,
,,,,,,,,,
,,,,,,,,,
,,,,,,,,,
,,,,,,,,,
,,,,,,,,,
,,,,,,,,,
,,,,,,,,,
,,,,,,,,,
,,,,,,,,,
,,,,,,,,,
,,,,,,,,,
,,,,,,,,,
,,,,,,,,,
,,,,,,,,,
,,,,,,,,,
,,,,,,,,,
,,,,,,,,,
,,,,,,,,,
,,,,,,,,,
,,,,,,,,,
,,,,,,,,,
,,,,,,,,,
,,,,,,,,,
,,,,,,,,,
,,,,,,,,,
,,,,,,,,,
,,,,,,,,,
,,,,,,,,,
,,,,,,,,,
,,,,,,,,,
,,,,,,,,,
,,,,,,,,,
,,,,,,,,,
,,,,,,,,,
,,,,,,,,,
,,,,,,,,,
,,,,,,,,,
,,,,,,,,,
,,,,,,,,,
,,,,,,,,,
,,,,,,,,,
,,,,,,,,,
,,,,,,,,,
,,,,,,,,,
,,,,,,,,,
,,,,,,,,,
,,,,,,,,,
,,,,,,,,,
,,,,,,,,,
,,,,,,,,,
,,,,,,,,,
,,,,,,,,,
,,,,,,,,,
,,,,,,,,,
,,,,,,,,,
,,,,,,,,,
,,,,,,,,,
,,,,,,,,,
,,,,,,,,,
,,,,,,,,,
,,,,,,,,,
,,,,,,,,,
,,,,,,,,,
,,,,,,,,,
,,,,,,,,,
,,,,,,,,,
,,,,,,,,,
,,,,,,,,,
,,,,,,,,,
,,,,,,,,,
,,,,,,,,,
,,,,,,,,,
,,,,,,,,,
,,,,,,,,,
,,,,,,,,,
,,,,,,,,,
,,,,,,,,,
,,,,,,,,,
,,,,,,,,,
,,,,,,,,,
,,,,,,,,,
,,,,,,,,,
,,,,,,,,,
,,,,,,,,,
,,,,,,,,,
,,,,,,,,,
,,,,,,,,,
,,,,,,,,,
,,,,,,,,,
,,,,,,,,,
,,,,,,,,,
,,,,,,,,,
,,,,,,,,,
,,,,,,,,,
,,,,,,,,,
,,,,,,,,,
,,,,,,,,,
,,,,,,,,,
,,,,,,,,,
,,,,,,,,,
,,,,,,,,,
,,,,,,,,,
,,,,,,,,,
,,,,,,,,,
,,,,,,,,,
,,,,,,,,,
,,,,,,,,,
,,,,,,,,,
,,,,,,,,,
,,,,,,,,,
,,,,,,,,,
,,,,,,,,,
,,,,,,,,,
,,,,,,,,,
,,,,,,,,,
,,,,,,,,,
,,,,,,,,,
,,,,,,,,,
,,,,,,,,,
,,,,,,,,,
,,,,,,,,,
,,,,,,,,,
,,,,,,,,,
,,,,,,,,,
,,,,,,,,,
,,,,,,,,,
,,,,,,,,,
,,,,,,,,,
,,,,,,,,,
,,,,,,,,,
,,,,,,,,,
,,,,,,,,,
,,,,,,,,,
,,,,,,,,,
,,,,,,,,,
,,,,,,,,,
,,,,,,,,,
,,,,,,,,,
,,,,,,,,,
,,,,,,,,,
,,,,,,,,,
,,,,,,,,,
,,,,,,,,,
,,,,,,,,,
,,,,,,,,,
,,,,,,,,,
,,,,,,,,,
,,,,,,,,,
,,,,,,,,,
,,,,,,,,,
,,,,,,,,,
,,,,,,,,,
,,,,,,,,,
,,,,,,,,,
,,,,,,,,,
,,,,,,,,,
,,,,,,,,,
,,,,,,,,,
,,,,,,,,,
,,,,,,,,,
,,,,,,,,,
,,,,,,,,,
,,,,,,,,,
,,,,,,,,,
,,,,,,,,,
,,,,,,,,,
,,,,,,,,,
,,,,,,,,,
,,,,,,,,,
,,,,,,,,,
,,,,,,,,,
,,,,,,,,,
,,,,,,,,,
,,,,,,,,,
,,,,,,,,,
,,,,,,,,,
,,,,,,,,,
,,,,,,,,,
,,,,,,,,,
,,,,,,,,,
,,,,,,,,,
,,,,,,,,,
,,,,,,,,,
,,,,,,,,,
,,,,,,,,,
,,,,,,,,,
,,,,,,,,,
,,,,,,,,,
,,,,,,,,,
,,,,,,,,,
,,,,,,,,,
,,,,,,,,,
,,,,,,,,,
,,,,,,,,,
,,,,,,,,,
,,,,,,,,,
,,,,,,,,,
,,,,,,,,,
,,,,,,,,,
,,,,,,,,,
,,,,,,,,,
,,,,,,,,,
,,,,,,,,,
,,,,,,,,,
,,,,,,,,,
,,,,,,,,,
,,,,,,,,,
,,,,,,,,,
,,,,,,,,,
,,,,,,,,,
,,,,,,,,,
,,,,,,,,,
,,,,,,,,,
,,,,,,,,,
,,,,,,,,,
,,,,,,,,,
,,,,,,,,,
,,,,,,,,,
,,,,,,,,,
,,,,,,,,,
,,,,,,,,,
,,,,,,,,,
,,,,,,,,,
,,,,,,,,,
,,,,,,,,,
,,,,,,,,,
,,,,,,,,,
,,,,,,,,,
,,,,,,,,,
,,,,,,,,,
,,,,,,,,,
,,,,,,,,,
,,,,,,,,,
,,,,,,,,,
,,,,,,,,,
,,,,,,,,,
,,,,,,,,,
,,,,,,,,,
,,,,,,,,,
,,,,,,,,,
,,,,,,,,,
,,,,,,,,,
,,,,,,,,,
,,,,,,,,,
,,,,,,,,,
,,,,,,,,,
,,,,,,,,,
,,,,,,,,,
,,,,,,,,,
,,,,,,,,,
,,,,,,,,,
,,,,,,,,,
,,,,,,,,,
,,,,,,,,,
,,,,,,,,,
,,,,,,,,,
,,,,,,,,,
,,,,,,,,,
,,,,,,,,,
,,,,,,,,,
,,,,,,,,,
,,,,,,,,,
,,,,,,,,,
,,,,,,,,,
,,,,,,,,,
,,,,,,,,,
,,,,,,,,,
,,,,,,,,,
,,,,,,,,,
,,,,,,,,,
,,,,,,,,,
,,,,,,,,,
,,,,,,,,,
,,,,,,,,,
,,,,,,,,,
,,,,,,,,,
,,,,,,,,,
,,,,,,,,,
,,,,,,,,,
,,,,,,,,,
,,,,,,,,,
,,,,,,,,,
,,,,,,,,,
,,,,,,,,,
,,,,,,,,,
,,,,,,,,,
,,,,,,,,,
,,,,,,,,,
,,,,,,,,,
,,,,,,,,,
,,,,,,,,,
,,,,,,,,,
,,,,,,,,,
,,,,,,,,,
,,,,,,,,,
,,,,,,,,,
,,,,,,,,,
,,,,,,,,,
,,,,,,,,,
,,,,,,,,,
,,,,,,,,,
,,,,,,,,,
,,,,,,,,,
,,,,,,,,,
,,,,,,,,,
,,,,,,,,,
,,,,,,,,,
,,,,,,,,,
,,,,,,,,,
,,,,,,,,,
,,,,,,,,,
,,,,,,,,,
,,,,,,,,,
,,,,,,,,,
,,,,,,,,,
,,,,,,,,,
,,,,,,,,,
,,,,,,,,,
,,,,,,,,,
,,,,,,,,,
,,,,,,,,,
,,,,,,,,,
,,,,,,,,,
,,,,,,,,,
,,,,,,,,,
,,,,,,,,,
,,,,,,,,,
,,,,,,,,,
,,,,,,,,,
,,,,,,,,,
,,,,,,,,,
,,,,,,,,,
,,,,,,,,,
,,,,,,,,,
,,,,,,,,,
,,,,,,,,,
,,,,,,,,,
,,,,,,,,,
,,,,,,,,,
,,,,,,,,,
,,,,,,,,,
,,,,,,,,,
,,,,,,,,,
,,,,,,,,,
,,,,,,,,,
,,,,,,,,,
,,,,,,,,,
,,,,,,,,,
,,,,,,,,,
,,,,,,,,,
,,,,,,,,,
,,,,,,,,,
,,,,,,,,,
,,,,,,,,,
,,,,,,,,,
,,,,,,,,,
,,,,,,,,,
,,,,,,,,,
,,,,,,,,,
,,,,,,,,,
,,,,,,,,,
,,,,,,,,,
,,,,,,,,,
,,,,,,,,,
,,,,,,,,,
,,,,,,,,,
,,,,,,,,,
,,,,,,,,,
,,,,,,,,,
,,,,,,,,,
,,,,,,,,,
,,,,,,,,,
,,,,,,,,,
,,,,,,,,,
,,,,,,,,,
,,,,,,,,,
,,,,,,,,,
,,,,,,,,,
,,,,,,,,,
,,,,,,,,,
,,,,,,,,,
,,,,,,,,,
,,,,,,,,,
,,,,,,,,,
,,,,,,,,,
,,,,,,,,,
,,,,,,,,,
,,,,,,,,,
,,,,,,,,,
,,,,,,,,,
,,,,,,,,,
,,,,,,,,,
,,,,,,,,,
,,,,,,,,,
,,,,,,,,,
,,,,,,,,,
,,,,,,,,,
,,,,,,,,,
,,,,,,,,,
,,,,,,,,,
,,,,,,,,,
,,,,,,,,,
,,,,,,,,,
,,,,,,,,,
,,,,,,,,,
,,,,,,,,,
,,,,,,,,,
,,,,,,,,,
,,,,,,,,,
,,,,,,,,,
,,,,,,,,,
,,,,,,,,,
,,,,,,,,,
,,,,,,,,,
,,,,,,,,,
,,,,,,,,,
,,,,,,,,,
,,,,,,,,,
,,,,,,,,,
,,,,,,,,,
,,,,,,,,,
,,,,,,,,,
,,,,,,,,,
,,,,,,,,,
,,,,,,,,,
,,,,,,,,,
,,,,,,,,,
,,,,,,,,,
,,,,,,,,,
,,,,,,,,,
,,,,,,,,,
,,,,,,,,,
,,,,,,,,,
,,,,,,,,,
,,,,,,,,,
,,,,,,,,,
,,,,,,,,,
,,,,,,,,,
,,,,,,,,,
,,,,,,,,,
,,,,,,,,,
,,,,,,,,,
,,,,,,,,,
,,,,,,,,,
,,,,,,,,,
,,,,,,,,,
,,,,,,,,,
,,,,,,,,,
,,,,,,,,,
,,,,,,,,,
,,,,,,,,,
,,,,,,,,,
,,,,,,,,,
,,,,,,,,,
,,,,,,,,,
,,,,,,,,,
,,,,,,,,,
,,,,,,,,,
,,,,,,,,,
,,,,,,,,,
,,,,,,,,,
,,,,,,,,,
,,,,,,,,,
,,,,,,,,,
,,,,,,,,,
,,,,,,,,,
,,,,,,,,,
,,,,,,,,,
,,,,,,,,,
,,,,,,,,,
,,,,,,,,,
,,,,,,,,,
,,,,,,,,,
,,,,,,,,,
,,,,,,,,,
,,,,,,,,,
,,,,,,,,,
,,,,,,,,,
,,,,,,,,,
,,,,,,,,,
,,,,,,,,,
,,,,,,,,,
,,,,,,,,,
,,,,,,,,,
,,,,,,,,,
,,,,,,,,,
,,,,,,,,,
,,,,,,,,,
,,,,,,,,,
,,,,,,,,,
,,,,,,,,,
,,,,,,,,,
,,,,,,,,,
,,,,,,,,,
,,,,,,,,,
,,,,,,,,,
,,,,,,,,,
,,,,,,,,,
,,,,,,,,,
,,,,,,,,,
,,,,,,,,,
,,,,,,,,,
,,,,,,,,,
,,,,,,,,,
,,,,,,,,,
,,,,,,,,,
,,,,,,,,,
,,,,,,,,,
,,,,,,,,,
,,,,,,,,,
,,,,,,,,,
,,,,,,,,,
,,,,,,,,,
,,,,,,,,,
,,,,,,,,,
,,,,,,,,,
,,,,,,,,,
,,,,,,,,,
,,,,,,,,,
,,,,,,,,,
,,,,,,,,,
,,,,,,,,,
,,,,,,,,,
,,,,,,,,,
,,,,,,,,,
,,,,,,,,,
,,,,,,,,,
,,,,,,,,,
,,,,,,,,,
,,,,,,,,,
,,,,,,,,,
,,,,,,,,,
,,,,,,,,,
,,,,,,,,,
,,,,,,,,,
,,,,,,,,,
,,,,,,,,,
,,,,,,,,,
,,,,,,,,,
,,,,,,,,,
,,,,,,,,,
,,,,,,,,,
,,,,,,,,,
,,,,,,,,,
,,,,,,,,,
,,,,,,,,,
,,,,,,,,,
,,,,,,,,,
,,,,,,,,,
,,,,,,,,,
,,,,,,,,,
,,,,,,,,,
,,,,,,,,,
,,,,,,,,,
,,,,,,,,,
,,,,,,,,,
,,,,,,,,,
,,,,,,,,,
,,,,,,,,,
,,,,,,,,,
,,,,,,,,,
,,,,,,,,,
,,,,,,,,,
,,,,,,,,,
,,,,,,,,,
,,,,,,,,,
,,,,,,,,,
,,,,,,,,,
,,,,,,,,,
,,,,,,,,,
,,,,,,,,,
,,,,,,,,,
,,,,,,,,,
,,,,,,,,,
,,,,,,,,,
,,,,,,,,,
,,,,,,,,,
,,,,,,,,,
,,,,,,,,,
,,,,,,,,,
,,,,,,,,,
,,,,,,,,,
,,,,,,,,,
,,,,,,,,,
,,,,,,,,,
,,,,,,,,,
,,,,,,,,,
,,,,,,,,,
,,,,,,,,,
,,,,,,,,,
,,,,,,,,,
,,,,,,,,,
,,,,,,,,,
,,,,,,,,,
,,,,,,,,,
,,,,,,,,,
,,,,,,,,,
,,,,,,,,,
,,,,,,,,,
,,,,,,,,,
,,,,,,,,,
,,,,,,,,,
,,,,,,,,,
,,,,,,,,,
,,,,,,,,,
,,,,,,,,,
,,,,,,,,,
,,,,,,,,,
,,,,,,,,,
,,,,,,,,,
,,,,,,,,,
,,,,,,,,,
,,,,,,,,,
,,,,,,,,,
,,,,,,,,,
,,,,,,,,,
,,,,,,,,,
,,,,,,,,,
,,,,,,,,,
,,,,,,,,,
,,,,,,,,,
,,,,,,,,,
,,,,,,,,,
,,,,,,,,,
,,,,,,,,,
,,,,,,,,,
,,,,,,,,,
,,,,,,,,,
,,,,,,,,,
,,,,,,,,,
,,,,,,,,,
,,,,,,,,,
,,,,,,,,,
,,,,,,,,,
,,,,,,,,,
,,,,,,,,,
,,,,,,,,,
,,,,,,,,,
,,,,,,,,,
,,,,,,,,,
,,,,,,,,,
,,,,,,,,,
,,,,,,,,,
,,,,,,,,,
,,,,,,,,,
,,,,,,,,,
,,,,,,,,,
,,,,,,,,,
,,,,,,,,,
,,,,,,,,,
,,,,,,,,,
,,,,,,,,,
,,,,,,,,,
,,,,,,,,,
,,,,,,,,,
,,,,,,,,,
,,,,,,,,,
,,,,,,,,,
,,,,,,,,,
,,,,,,,,,
,,,,,,,,,
,,,,,,,,,
,,,,,,,,,
,,,,,,,,,
,,,,,,,,,
,,,,,,,,,
,,,,,,,,,
,,,,,,,,,
,,,,,,,,,
,,,,,,,,,
,,,,,,,,,
,,,,,,,,,
,,,,,,,,,
,,,,,,,,,
,,,,,,,,,
,,,,,,,,,
,,,,,,,,,
,,,,,,,,,
,,,,,,,,,
,,,,,,,,,
,,,,,,,,,
,,,,,,,,,
,,,,,,,,,
,,,,,,,,,
,,,,,,,,,
,,,,,,,,,
,,,,,,,,,
,,,,,,,,,
,,,,,,,,,
,,,,,,,,,
,,,,,,,,,
,,,,,,,,,
,,,,,,,,,
,,,,,,,,,
,,,,,,,,,
,,,,,,,,,
,,,,,,,,,
,,,,,,,,,
,,,,,,,,,
,,,,,,,,,
,,,,,,,,,
,,,,,,,,,
,,,,,,,,,
,,,,,,,,,
,,,,,,,,,
,,,,,,,,,
,,,,,,,,,
,,,,,,,,,
,,,,,,,,,
,,,,,,,,,
,,,,,,,,,
,,,,,,,,,
,,,,,,,,,
,,,,,,,,,
,,,,,,,,,
,,,,,,,,,
,,,,,,,,,
,,,,,,,,,
,,,,,,,,,
,,,,,,,,,
,,,,,,,,,
,,,,,,,,,
,,,,,,,,,
,,,,,,,,,
,,,,,,,,,
,,,,,,,,,
,,,,,,,,,
,,,,,,,,,
,,,,,,,,,
,,,,,,,,,
,,,,,,,,,
,,,,,,,,,
,,,,,,,,,
,,,,,,,,,
,,,,,,,,,
,,,,,,,,,
,,,,,,,,,
,,,,,,,,,
,,,,,,,,,
,,,,,,,,,
,,,,,,,,,
,,,,,,,,,
,,,,,,,,,
,,,,,,,,,
,,,,,,,,,
,,,,,,,,,
,,,,,,,,,
,,,,,,,,,
,,,,,,,,,
,,,,,,,,,
,,,,,,,,,
,,,,,,,,,
,,,,,,,,,
,,,,,,,,,
,,,,,,,,,
,,,,,,,,,
,,,,,,,,,
,,,,,,,,,
,,,,,,,,,
,,,,,,,,,
,,,,,,,,,
,,,,,,,,,
,,,,,,,,,
,,,,,,,,,
,,,,,,,,,
,,,,,,,,,
,,,,,,,,,
,,,,,,,,,
,,,,,,,,,
,,,,,,,,,
,,,,,,,,,
,,,,,,,,,
,,,,,,,,,
,,,,,,,,,
,,,,,,,,,
,,,,,,,,,
,,,,,,,,,
,,,,,,,,,
,,,,,,,,,
,,,,,,,,,
,,,,,,,,,
,,,,,,,,,
,,,,,,,,,
,,,,,,,,,
,,,,,,,,,
,,,,,,,,,
,,,,,,,,,
,,,,,,,,,
,,,,,,,,,
,,,,,,,,,
,,,,,,,,,
,,,,,,,,,
,,,,,,,,,
,,,,,,,,,
,,,,,,,,,
,,,,,,,,,
,,,,,,,,,
,,,,,,,,,
,,,,,,,,,
,,,,,,,,,
,,,,,,,,,
,,,,,,,,,
,,,,,,,,,
,,,,,,,,,
,,,,,,,,,
,,,,,,,,,
,,,,,,,,,
,,,,,,,,,
,,,,,,,,,
,,,,,,,,,
,,,,,,,,,
,,,,,,,,,
,,,,,,,,,
,,,,,,,,,
,,,,,,,,,
,,,,,,,,,
,,,,,,,,,
,,,,,,,,,
,,,,,,,,,
,,,,,,,,,
,,,,,,,,,
,,,,,,,,,
,,,,,,,,,
,,,,,,,,,
,,,,,,,,,
,,,,,,,,,
,,,,,,,,,
,,,,,,,,,
,,,,,,,,,
,,,,,,,,,
,,,,,,,,,
,,,,,,,,,
,,,,,,,,,
,,,,,,,,,
,,,,,,,,,
,,,,,,,,,
,,,,,,,,,
,,,,,,,,,
,,,,,,,,,
,,,,,,,,,
,,,,,,,,,
,,,,,,,,,
,,,,,,,,,
,,,,,,,,,
,,,,,,,,,
,,,,,,,,,
,,,,,,,,,
,,,,,,,,,
,,,,,,,,,
,,,,,,,,,
,,,,,,,,,
,,,,,,,,,
,,,,,,,,,
,,,,,,,,,
,,,,,,,,,
,,,,,,,,,
,,,,,,,,,
,,,,,,,,,
,,,,,,,,,
,,,,,,,,,
,,,,,,,,,
,,,,,,,,,
,,,,,,,,,
,,,,,,,,,
,,,,,,,,,
,,,,,,,,,
,,,,,,,,,
,,,,,,,,,
,,,,,,,,,
,,,,,,,,,
,,,,,,,,,
,,,,,,,,,
,,,,,,,,,
,,,,,,,,,
,,,,,,,,,
,,,,,,,,,
,,,,,,,,,
,,,,,,,,,
,,,,,,,,,
,,,,,,,,,
,,,,,,,,,
,,,,,,,,,
,,,,,,,,,
,,,,,,,,,
,,,,,,,,,
,,,,,,,,,
,,,,,,,,,
,,,,,,,,,
,,,,,,,,,
,,,,,,,,,
,,,,,,,,,
,,,,,,,,,
,,,,,,,,,
,,,,,,,,,
,,,,,,,,,
,,,,,,,,,
,,,,,,,,,
,,,,,,,,,
,,,,,,,,,
,,,,,,,,,
,,,,,,,,,
,,,,,,,,,
,,,,,,,,,
,,,,,,,,,
,,,,,,,,,
,,,,,,,,,
,,,,,,,,,
,,,,,,,,,
,,,,,,,,,
,,,,,,,,,
,,,,,,,,,
,,,,,,,,,
,,,,,,,,,
,,,,,,,,,
,,,,,,,,,
,,,,,,,,,
,,,,,,,,,
,,,,,,,,,
,,,,,,,,,
,,,,,,,,,
,,,,,,,,,
,,,,,,,,,
,,,,,,,,,
,,,,,,,,,
,,,,,,,,,
,,,,,,,,,
,,,,,,,,,
,,,,,,,,,
,,,,,,,,,
,,,,,,,,,
,,,,,,,,,
,,,,,,,,,
,,,,,,,,,
,,,,,,,,,
,,,,,,,,,
,,,,,,,,,
,,,,,,,,,
,,,,,,,,,
,,,,,,,,,
,,,,,,,,,
,,,,,,,,,
,,,,,,,,,
,,,,,,,,,
,,,,,,,,,
,,,,,,,,,
,,,,,,,,,
,,,,,,,,,
,,,,,,,,,
,,,,,,,,,
,,,,,,,,,
,,,,,,,,,
,,,,,,,,,
,,,,,,,,,
,,,,,,,,,
,,,,,,,,,
,,,,,,,,,
,,,,,,,,,
,,,,,,,,,
,,,,,,,,,
,,,,,,,,,
,,,,,,,,,
,,,,,,,,,
,,,,,,,,,
,,,,,,,,,
,,,,,,,,,
,,,,,,,,,
,,,,,,,,,
,,,,,,,,,
,,,,,,,,,
,,,,,,,,,
,,,,,,,,,
,,,,,,,,,
,,,,,,,,,
,,,,,,,,,
,,,,,,,,,
,,,,,,,,,
,,,,,,,,,
,,,,,,,,,
,,,,,,,,,
,,,,,,,,,
,,,,,,,,,
,,,,,,,,,
,,,,,,,,,
,,,,,,,,,
,,,,,,,,,
,,,,,,,,,
,,,,,,,,,
,,,,,,,,,
,,,,,,,,,
,,,,,,,,,
,,,,,,,,,
,,,,,,,,,
,,,,,,,,,
,,,,,,,,,
,,,,,,,,,
,,,,,,,,,
,,,,,,,,,
,,,,,,,,,
,,,,,,,,,
,,,,,,,,,
,,,,,,,,,
,,,,,,,,,
,,,,,,,,,
,,,,,,,,,
,,,,,,,,,
,,,,,,,,,
,,,,,,,,,
,,,,,,,,,
,,,,,,,,,
,,,,,,,,,
,,,,,,,,,
,,,,,,,,,
,,,,,,,,,
,,,,,,,,,
,,,,,,,,,
,,,,,,,,,
,,,,,,,,,
,,,,,,,,,
,,,,,,,,,
,,,,,,,,,
,,,,,,,,,
,,,,,,,,,
,,,,,,,,,
,,,,,,,,,
,,,,,,,,,
,,,,,,,,,
,,,,,,,,,
,,,,,,,,,
,,,,,,,,,
,,,,,,,,,
,,,,,,,,,
,,,,,,,,,
,,,,,,,,,
,,,,,,,,,
,,,,,,,,,
,,,,,,,,,
,,,,,,,,,
,,,,,,,,,
,,,,,,,,,
,,,,,,,,,
,,,,,,,,,
,,,,,,,,,
,,,,,,,,,
,,,,,,,,,
,,,,,,,,,
,,,,,,,,,
,,,,,,,,,
,,,,,,,,,
,,,,,,,,,
,,,,,,,,,
,,,,,,,,,
,,,,,,,,,
,,,,,,,,,
,,,,,,,,,
,,,,,,,,,
,,,,,,,,,
,,,,,,,,,
,,,,,,,,,
,,,,,,,,,
,,,,,,,,,
,,,,,,,,,
,,,,,,,,,
,,,,,,,,,
,,,,,,,,,
,,,,,,,,,
,,,,,,,,,
,,,,,,,,,
,,,,,,,,,
,,,,,,,,,
,,,,,,,,,
,,,,,,,,,
,,,,,,,,,
,,,,,,,,,
,,,,,,,,,
,,,,,,,,,
,,,,,,,,,
,,,,,,,,,
,,,,,,,,,
,,,,,,,,,
,,,,,,,,,
,,,,,,,,,
,,,,,,,,,
,,,,,,,,,
,,,,,,,,,
,,,,,,,,,
,,,,,,,,,
,,,,,,,,,
,,,,,,,,,
,,,,,,,,,
,,,,,,,,,
,,,,,,,,,
,,,,,,,,,
,,,,,,,,,
,,,,,,,,,
,,,,,,,,,
,,,,,,,,,
,,,,,,,,,
,,,,,,,,,
,,,,,,,,,
,,,,,,,,,
,,,,,,,,,
,,,,,,,,,
,,,,,,,,,
,,,,,,,,,
,,,,,,,,,
,,,,,,,,,
,,,,,,,,,
,,,,,,,,,
,,,,,,,,,
,,,,,,,,,
,,,,,,,,,
,,,,,,,,,
,,,,,,,,,
,,,,,,,,,
,,,,,,,,,
,,,,,,,,,
,,,,,,,,,
,,,,,,,,,
,,,,,,,,,
,,,,,,,,,
,,,,,,,,,
,,,,,,,,,
,,,,,,,,,
,,,,,,,,,
,,,,,,,,,
,,,,,,,,,
,,,,,,,,,
,,,,,,,,,
,,,,,,,,,
,,,,,,,,,
,,,,,,,,,
,,,,,,,,,
,,,,,,,,,
,,,,,,,,,
,,,,,,,,,
,,,,,,,,,
,,,,,,,,,
,,,,,,,,,
,,,,,,,,,
,,,,,,,,,
,,,,,,,,,
,,,,,,,,,
,,,,,,,,,
,,,,,,,,,
,,,,,,,,,
,,,,,,,,,
,,,,,,,,,
,,,,,,,,,
,,,,,,,,,
,,,,,,,,,
,,,,,,,,,
,,,,,,,,,
,,,,,,,,,
,,,,,,,,,
,,,,,,,,,
,,,,,,,,,
,,,,,,,,,
,,,,,,,,,
,,,,,,,,,
,,,,,,,,,
,,,,,,,,,
,,,,,,,,,
,,,,,,,,,
,,,,,,,,,
,,,,,,,,,
,,,,,,,,,
,,,,,,,,,
,,,,,,,,,
,,,,,,,,,
,,,,,,,,,
,,,,,,,,,
,,,,,,,,,
,,,,,,,,,
,,,,,,,,,
,,,,,,,,,
,,,,,,,,,
,,,,,,,,,
,,,,,,,,,
,,,,,,,,,
,,,,,,,,,
,,,,,,,,,
,,,,,,,,,
,,,,,,,,,
,,,,,,,,,
,,,,,,,,,
,,,,,,,,,
,,,,,,,,,
,,,,,,,,,
,,,,,,,,,
,,,,,,,,,
,,,,,,,,,
,,,,,,,,,
,,,,,,,,,
,,,,,,,,,
,,,,,,,,,
,,,,,,,,,
,,,,,,,,,
,,,,,,,,,
,,,,,,,,,
,,,,,,,,,
,,,,,,,,,
,,,,,,,,,
,,,,,,,,,
,,,,,,,,,
,,,,,,,,,
,,,,,,,,,
,,,,,,,,,
,,,,,,,,,
,,,,,,,,,
,,,,,,,,,
,,,,,,,,,
,,,,,,,,,
,,,,,,,,,
,,,,,,,,,
,,,,,,,,,
,,,,,,,,,
,,,,,,,,,
,,,,,,,,,
,,,,,,,,,
,,,,,,,,,
,,,,,,,,,
,,,,,,,,,
,,,,,,,,,
,,,,,,,,,
,,,,,,,,,
,,,,,,,,,
,,,,,,,,,
,,,,,,,,,
,,,,,,,,,
,,,,,,,,,
,,,,,,,,,
,,,,,,,,,
,,,,,,,,,
,,,,,,,,,
,,,,,,,,,
,,,,,,,,,
,,,,,,,,,
,,,,,,,,,
,,,,,,,,,
,,,,,,,,,
,,,,,,,,,
,,,,,,,,,
,,,,,,,,,
,,,,,,,,,
,,,,,,,,,
,,,,,,,,,
,,,,,,,,,
,,,,,,,,,
,,,,,,,,,
,,,,,,,,,
,,,,,,,,,
,,,,,,,,,
,,,,,,,,,
,,,,,,,,,
,,,,,,,,,
,,,,,,,,,
,,,,,,,,,
,,,,,,,,,
,,,,,,,,,
,,,,,,,,,
,,,,,,,,,
,,,,,,,,,
,,,,,,,,,
,,,,,,,,,
,,,,,,,,,
,,,,,,,,,
,,,,,,,,,
,,,,,,,,,
,,,,,,,,,
,,,,,,,,,
,,,,,,,,,
,,,,,,,,,
,,,,,,,,,
,,,,,,,,,
,,,,,,,,,
,,,,,,,,,
,,,,,,,,,
,,,,,,,,,
,,,,,,,,,
,,,,,,,,,
,,,,,,,,,
,,,,,,,,,
,,,,,,,,,
,,,,,,,,,
,,,,,,,,,
,,,,,,,,,
,,,,,,,,,
,,,,,,,,,
,,,,,,,,,
,,,,,,,,,
,,,,,,,,,
,,,,,,,,,
,,,,,,,,,
,,,,,,,,,
,,,,,,,,,
,,,,,,,,,
,,,,,,,,,
,,,,,,,,,
,,,,,,,,,
,,,,,,,,,
,,,,,,,,,
,,,,,,,,,
,,,,,,,,,
,,,,,,,,,
,,,,,,,,,
,,,,,,,,,
,,,,,,,,,
,,,,,,,,,
,,,,,,,,,
,,,,,,,,,
,,,,,,,,,
,,,,,,,,,
,,,,,,,,,
,,,,,,,,,
,,,,,,,,,
,,,,,,,,,
,,,,,,,,,
,,,,,,,,,
,,,,,,,,,
,,,,,,,,,
,,,,,,,,,
,,,,,,,,,
,,,,,,,,,
,,,,,,,,,
,,,,,,,,,
,,,,,,,,,
,,,,,,,,,
,,,,,,,,,
,,,,,,,,,
,,,,,,,,,
,,,,,,,,,
,,,,,,,,,
,,,,,,,,,
,,,,,,,,,
,,,,,,,,,
,,,,,,,,,
,,,,,,,,,
,,,,,,,,,
,,,,,,,,,
,,,,,,,,,
,,,,,,,,,
,,,,,,,,,
,,,,,,,,,
,,,,,,,,,
,,,,,,,,,
,,,,,,,,,
,,,,,,,,,
,,,,,,,,,
,,,,,,,,,
,,,,,,,,,
,,,,,,,,,
,,,,,,,,,
,,,,,,,,,
,,,,,,,,,
,,,,,,,,,
,,,,,,,,,
,,,,,,,,,
,,,,,,,,,
,,,,,,,,,
,,,,,,,,,
,,,,,,,,,
,,,,,,,,,
,,,,,,,,,
,,,,,,,,,
,,,,,,,,,
,,,,,,,,,
,,,,,,,,,
,,,,,,,,,
,,,,,,,,,
,,,,,,,,,
,,,,,,,,,
,,,,,,,,,
,,,,,,,,,
,,,,,,,,,
,,,,,,,,,
,,,,,,,,,
,,,,,,,,,
,,,,,,,,,
,,,,,,,,,
,,,,,,,,,
,,,,,,,,,
,,,,,,,,,
,,,,,,,,,
,,,,,,,,,
,,,,,,,,,
,,,,,,,,,
,,,,,,,,,
,,,,,,,,,
,,,,,,,,,
,,,,,,,,,
,,,,,,,,,
,,,,,,,,,
,,,,,,,,,
,,,,,,,,,
,,,,,,,,,
,,,,,,,,,
,,,,,,,,,
,,,,,,,,,
,,,,,,,,,
,,,,,,,,,
,,,,,,,,,
,,,,,,,,,
,,,,,,,,,
,,,,,,,,,
,,,,,,,,,
,,,,,,,,,
,,,,,,,,,
,,,,,,,,,
,,,,,,,,,
,,,,,,,,,
,,,,,,,,,
,,,,,,,,,
,,,,,,,,,
,,,,,,,,,
,,,,,,,,,
,,,,,,,,,
,,,,,,,,,
,,,,,,,,,
,,,,,,,,,
,,,,,,,,,
,,,,,,,,,
,,,,,,,,,
,,,,,,,,,
,,,,,,,,,
,,,,,,,,,
,,,,,,,,,
,,,,,,,,,
,,,,,,,,,
,,,,,,,,,
,,,,,,,,,
,,,,,,,,,
,,,,,,,,,
,,,,,,,,,
,,,,,,,,,
,,,,,,,,,
,,,,,,,,,
,,,,,,,,,
,,,,,,,,,
,,,,,,,,,
,,,,,,,,,
,,,,,,,,,
,,,,,,,,,
,,,,,,,,,
,,,,,,,,,
,,,,,,,,,
,,,,,,,,,
,,,,,,,,,
,,,,,,,,,
,,,,,,,,,
,,,,,,,,,
,,,,,,,,,
,,,,,,,,,
,,,,,,,,,
,,,,,,,,,
,,,,,,,,,
,,,,,,,,,
,,,,,,,,,
,,,,,,,,,
,,,,,,,,,
,,,,,,,,,
,,,,,,,,,
,,,,,,,,,
,,,,,,,,,
,,,,,,,,,
,,,,,,,,,
,,,,,,,,,
,,,,,,,,,
,,,,,,,,,
,,,,,,,,,
,,,,,,,,,
,,,,,,,,,
,,,,,,,,,
,,,,,,,,,
,,,,,,,,,
,,,,,,,,,
,,,,,,,,,
,,,,,,,,,
,,,,,,,,,
,,,,,,,,,
,,,,,,,,,
,,,,,,,,,
,,,,,,,,,
,,,,,,,,,
,,,,,,,,,
,,,,,,,,,
,,,,,,,,,
,,,,,,,,,
,,,,,,,,,
,,,,,,,,,
,,,,,,,,,
,,,,,,,,,
,,,,,,,,,
,,,,,,,,,
,,,,,,,,,
,,,,,,,,,
,,,,,,,,,
,,,,,,,,,
,,,,,,,,,
,,,,,,,,,
,,,,,,,,,
,,,,,,,,,
,,,,,,,,,
,,,,,,,,,
,,,,,,,,,
,,,,,,,,,
,,,,,,,,,
,,,,,,,,,
,,,,,,,,,
,,,,,,,,,
,,,,,,,,,
,,,,,,,,,
,,,,,,,,,
,,,,,,,,,
,,,,,,,,,
,,,,,,,,,
,,,,,,,,,
,,,,,,,,,
,,,,,,,,,
,,,,,,,,,
,,,,,,,,,
,,,,,,,,,
,,,,,,,,,
,,,,,,,,,
,,,,,,,,,
,,,,,,,,,
,,,,,,,,,
,,,,,,,,,
,,,,,,,,,
,,,,,,,,,
,,,,,,,,,
,,,,,,,,,
,,,,,,,,,
,,,,,,,,,
,,,,,,,,,
,,,,,,,,,
,,,,,,,,,
,,,,,,,,,
,,,,,,,,,
,,,,,,,,,
,,,,,,,,,
,,,,,,,,,
,,,,,,,,,
,,,,,,,,,
,,,,,,,,,
,,,,,,,,,
,,,,,,,,,
,,,,,,,,,
,,,,,,,,,
,,,,,,,,,
,,,,,,,,,
,,,,,,,,,
,,,,,,,,,
,,,,,,,,,
,,,,,,,,,
,,,,,,,,,
,,,,,,,,,
,,,,,,,,,
,,,,,,,,,
,,,,,,,,,
,,,,,,,,,
,,,,,,,,,
,,,,,,,,,
,,,,,,,,,
,,,,,,,,,
,,,,,,,,,
,,,,,,,,,
,,,,,,,,,
,,,,,,,,,
,,,,,,,,,
,,,,,,,,,
,,,,,,,,,
,,,,,,,,,
,,,,,,,,,
,,,,,,,,,
,,,,,,,,,
,,,,,,,,,
,,,,,,,,,
,,,,,,,,,
,,,,,,,,,
,,,,,,,,,
,,,,,,,,,
,,,,,,,,,
,,,,,,,,,
,,,,,,,,,
,,,,,,,,,
,,,,,,,,,
,,,,,,,,,
,,,,,,,,,
,,,,,,,,,
,,,,,,,,,
,,,,,,,,,
,,,,,,,,,
,,,,,,,,,
,,,,,,,,,
,,,,,,,,,
,,,,,,,,,
,,,,,,,,,
,,,,,,,,,
,,,,,,,,,
,,,,,,,,,
,,,,,,,,,
,,,,,,,,,
,,,,,,,,,
,,,,,,,,,
,,,,,,,,,
,,,,,,,,,
,,,,,,,,,
,,,,,,,,,
,,,,,,,,,
,,,,,,,,,
,,,,,,,,,
,,,,,,,,,
,,,,,,,,,
,,,,,,,,,
,,,,,,,,,
,,,,,,,,,
,,,,,,,,,
,,,,,,,,,
,,,,,,,,,
,,,,,,,,,
,,,,,,,,,
,,,,,,,,,
,,,,,,,,,
,,,,,,,,,
,,,,,,,,,
,,,,,,,,,
,,,,,,,,,
,,,,,,,,,
,,,,,,,,,
,,,,,,,,,
,,,,,,,,,
,,,,,,,,,
,,,,,,,,,
,,,,,,,,,
,,,,,,,,,
,,,,,,,,,
,,,,,,,,,
,,,,,,,,,
,,,,,,,,,
,,,,,,,,,
,,,,,,,,,
,,,,,,,,,
,,,,,,,,,
,,,,,,,,,
,,,,,,,,,
,,,,,,,,,
,,,,,,,,,
,,,,,,,,,
,,,,,,,,,
,,,,,,,,,
,,,,,,,,,
,,,,,,,,,
,,,,,,,,,
,,,,,,,,,
,,,,,,,,,
,,,,,,,,,
,,,,,,,,,
,,,,,,,,,
,,,,,,,,,
,,,,,,,,,
,,,,,,,,,
,,,,,,,,,
,,,,,,,,,
,,,,,,,,,
,,,,,,,,,
,,,,,,,,,
,,,,,,,,,
,,,,,,,,,
,,,,,,,,,
,,,,,,,,,
,,,,,,,,,
,,,,,,,,,
,,,,,,,,,
,,,,,,,,,
,,,,,,,,,
,,,,,,,,,
,,,,,,,,,
,,,,,,,,,
,,,,,,,,,
,,,,,,,,,
,,,,,,,,,
,,,,,,,,,
,,,,,,,,,
,,,,,,,,,
,,,,,,,,,
,,,,,,,,,
,,,,,,,,,
,,,,,,,,,
,,,,,,,,,
,,,,,,,,,
,,,,,,,,,
,,,,,,,,,
,,,,,,,,,
,,,,,,,,,
,,,,,,,,,
,,,,,,,,,
,,,,,,,,,
,,,,,,,,,
,,,,,,,,,
,,,,,,,,,
,,,,,,,,,
,,,,,,,,,
,,,,,,,,,
,,,,,,,,,
,,,,,,,,,
,,,,,,,,,
,,,,,,,,,
,,,,,,,,,
,,,,,,,,,
,,,,,,,,,
,,,,,,,,,
,,,,,,,,,
,,,,,,,,,
,,,,,,,,,
,,,,,,,,,
,,,,,,,,,
,,,,,,,,,
,,,,,,,,,
,,,,,,,,,
,,,,,,,,,
,,,,,,,,,
,,,,,,,,,
,,,,,,,,,
,,,,,,,,,
,,,,,,,,,
,,,,,,,,,
,,,,,,,,,
,,,,,,,,,
,,,,,,,,,
,,,,,,,,,
,,,,,,,,,
,,,,,,,,,
,,,,,,,,,
,,,,,,,,,
,,,,,,,,,
,,,,,,,,,
,,,,,,,,,
,,,,,,,,,
,,,,,,,,,
,,,,,,,,,
,,,,,,,,,
,,,,,,,,,
,,,,,,,,,
,,,,,,,,,
,,,,,,,,,
,,,,,,,,,
,,,,,,,,,
,,,,,,,,,
,,,,,,,,,
,,,,,,,,,
,,,,,,,,,
,,,,,,,,,
,,,,,,,,,
,,,,,,,,,
,,,,,,,,,
,,,,,,,,,
,,,,,,,,,
,,,,,,,,,
,,,,,,,,,
,,,,,,,,,
,,,,,,,,,
,,,,,,,,,
,,,,,,,,,
,,,,,,,,,
,,,,,,,,,
,,,,,,,,,
,,,,,,,,,
,,,,,,,,,
,,,,,,,,,
,,,,,,,,,
,,,,,,,,,
,,,,,,,,,
,,,,,,,,,
,,,,,,,,,
,,,,,,,,,
,,,,,,,,,
,,,,,,,,,
,,,,,,,,,
,,,,,,,,,
,,,,,,,,,
,,,,,,,,,
,,,,,,,,,
,,,,,,,,,
,,,,,,,,,
,,,,,,,,,
,,,,,,,,,
,,,,,,,,,
,,,,,,,,,
,,,,,,,,,
,,,,,,,,,
,,,,,,,,,
,,,,,,,,,
,,,,,,,,,
,,,,,,,,,
,,,,,,,,,
,,,,,,,,,
,,,,,,,,,
,,,,,,,,,
,,,,,,,,,
,,,,,,,,,
,,,,,,,,,
,,,,,,,,,
,,,,,,,,,
,,,,,,,,,
,,,,,,,,,
,,,,,,,,,
,,,,,,,,,
,,,,,,,,,
,,,,,,,,,
,,,,,,,,,
,,,,,,,,,
,,,,,,,,,
,,,,,,,,,
,,,,,,,,,
,,,,,,,,,
,,,,,,,,,
,,,,,,,,,
,,,,,,,,,
,,,,,,,,,
,,,,,,,,,
,,,,,,,,,
,,,,,,,,,
,,,,,,,,,
,,,,,,,,,
,,,,,,,,,
,,,,,,,,,
,,,,,,,,,
,,,,,,,,,
,,,,,,,,,
,,,,,,,,,
,,,,,,,,,
,,,,,,,,,
,,,,,,,,,
,,,,,,,,,
,,,,,,,,,
,,,,,,,,,
,,,,,,,,,
,,,,,,,,,
,,,,,,,,,
,,,,,,,,,
,,,,,,,,,
,,,,,,,,,
,,,,,,,,,
,,,,,,,,,
,,,,,,,,,
,,,,,,,,,
,,,,,,,,,
,,,,,,,,,
,,,,,,,,,
,,,,,,,,,
,,,,,,,,,
,,,,,,,,,
,,,,,,,,,
,,,,,,,,,
,,,,,,,,,
,,,,,,,,,
,,,,,,,,,
,,,,,,,,,
,,,,,,,,,
,,,,,,,,,
,,,,,,,,,
,,,,,,,,,
,,,,,,,,,
,,,,,,,,,
,,,,,,,,,
,,,,,,,,,
,,,,,,,,,
,,,,,,,,,
,,,,,,,,,
,,,,,,,,,
,,,,,,,,,
,,,,,,,,,
,,,,,,,,,
,,,,,,,,,
,,,,,,,,,
,,,,,,,,,
,,,,,,,,,
,,,,,,,,,
,,,,,,,,,
,,,,,,,,,
,,,,,,,,,
,,,,,,,,,
,,,,,,,,,
,,,,,,,,,
,,,,,,,,,
,,,,,,,,,
,,,,,,,,,
,,,,,,,,,
,,,,,,,,,
,,,,,,,,,
,,,,,,,,,
,,,,,,,,,
,,,,,,,,,
,,,,,,,,,
,,,,,,,,,
,,,,,,,,,
,,,,,,,,,
,,,,,,,,,
,,,,,,,,,
,,,,,,,,,
,,,,,,,,,
,,,,,,,,,
,,,,,,,,,
,,,,,,,,,
,,,,,,,,,
,,,,,,,,,
,,,,,,,,,
,,,,,,,,,
,,,,,,,,,
,,,,,,,,,
,,,,,,,,,
,,,,,,,,,
,,,,,,,,,
,,,,,,,,,
,,,,,,,,,
,,,,,,,,,
,,,,,,,,,
,,,,,,,,,
,,,,,,,,,
,,,,,,,,,
,,,,,,,,,
,,,,,,,,,
,,,,,,,,,
,,,,,,,,,
,,,,,,,,,
,,,,,,,,,
,,,,,,,,,
,,,,,,,,,
,,,,,,,,,
,,,,,,,,,
,,,,,,,,,
,,,,,,,,,
,,,,,,,,,
,,,,,,,,,
,,,,,,,,,
,,,,,,,,,
,,,,,,,,,
,,,,,,,,,
,,,,,,,,,
,,,,,,,,,
,,,,,,,,,
,,,,,,,,,
,,,,,,,,,
,,,,,,,,,
,,,,,,,,,
,,,,,,,,,
,,,,,,,,,
,,,,,,,,,
,,,,,,,,,
,,,,,,,,,
,,,,,,,,,
,,,,,,,,,
,,,,,,,,,
,,,,,,,,,
,,,,,,,,,
,,,,,,,,,
,,,,,,,,,
,,,,,,,,,
,,,,,,,,,
,,,,,,,,,
,,,,,,,,,
,,,,,,,,,
,,,,,,,,,
,,,,,,,,,
,,,,,,,,,
,,,,,,,,,
,,,,,,,,,
,,,,,,,,,
,,,,,,,,,
,,,,,,,,,
,,,,,,,,,
,,,,,,,,,
,,,,,,,,,
,,,,,,,,,
,,,,,,,,,
,,,,,,,,,
,,,,,,,,,
,,,,,,,,,
,,,,,,,,,
,,,,,,,,,
,,,,,,,,,
,,,,,,,,,
,,,,,,,,,
,,,,,,,,,
,,,,,,,,,
,,,,,,,,,
,,,,,,,,,
,,,,,,,,,
,,,,,,,,,
,,,,,,,,,
,,,,,,,,,
,,,,,,,,,
,,,,,,,,,
,,,,,,,,,
,,,,,,,,,
,,,,,,,,,
,,,,,,,,,
,,,,,,,,,
,,,,,,,,,
,,,,,,,,,
,,,,,,,,,
,,,,,,,,,
,,,,,,,,,
,,,,,,,,,
,,,,,,,,,
,,,,,,,,,
,,,,,,,,,
,,,,,,,,,
,,,,,,,,,
,,,,,,,,,
,,,,,,,,,
,,,,,,,,,
,,,,,,,,,
,,,,,,,,,
,,,,,,,,,
,,,,,,,,,
,,,,,,,,,
,,,,,,,,,
,,,,,,,,,
,,,,,,,,,
,,,,,,,,,
,,,,,,,,,
,,,,,,,,,
,,,,,,,,,
,,,,,,,,,
,,,,,,,,,
,,,,,,,,,
,,,,,,,,,
,,,,,,,,,
,,,,,,,,,
,,,,,,,,,
,,,,,,,,,
,,,,,,,,,
,,,,,,,,,
,,,,,,,,,
,,,,,,,,,
,,,,,,,,,
,,,,,,,,,
,,,,,,,,,
,,,,,,,,,
,,,,,,,,,
,,,,,,,,,
,,,,,,,,,
,,,,,,,,,
,,,,,,,,,
,,,,,,,,,
,,,,,,,,,
,,,,,,,,,
,,,,,,,,,
,,,,,,,,,
,,,,,,,,,
,,,,,,,,,
,,,,,,,,,
,,,,,,,,,
,,,,,,,,,
,,,,,,,,,
,,,,,,,,,
,,,,,,,,,
,,,,,,,,,
,,,,,,,,,
,,,,,,,,,
,,,,,,,,,
,,,,,,,,,
,,,,,,,,,
,,,,,,,,,
,,,,,,,,,
,,,,,,,,,
,,,,,,,,,
,,,,,,,,,
,,,,,,,,,
,,,,,,,,,
,,,,,,,,,
,,,,,,,,,
,,,,,,,,,
,,,,,,,,,
,,,,,,,,,
,,,,,,,,,
,,,,,,,,,
,,,,,,,,,
,,,,,,,,,
,,,,,,,,,
,,,,,,,,,
,,,,,,,,,
,,,,,,,,,
,,,,,,,,,
,,,,,,,,,
,,,,,,,,,
,,,,,,,,,
,,,,,,,,,
,,,,,,,,,
,,,,,,,,,
,,,,,,,,,
,,,,,,,,,
,,,,,,,,,
,,,,,,,,,
,,,,,,,,,
,,,,,,,,,
,,,,,,,,,
,,,,,,,,,
,,,,,,,,,
,,,,,,,,,
,,,,,,,,,
,,,,,,,,,
,,,,,,,,,
,,,,,,,,,
,,,,,,,,,
,,,,,,,,,
,,,,,,,,,
,,,,,,,,,
,,,,,,,,,
,,,,,,,,,
,,,,,,,,,
,,,,,,,,,
,,,,,,,,,
,,,,,,,,,
,,,,,,,,,
,,,,,,,,,
,,,,,,,,,
,,,,,,,,,
,,,,,,,,,
,,,,,,,,,
,,,,,,,,,
,,,,,,,,,
,,,,,,,,,
,,,,,,,,,
,,,,,,,,,
,,,,,,,,,
,,,,,,,,,
,,,,,,,,,
,,,,,,,,,
,,,,,,,,,
,,,,,,,,,
,,,,,,,,,
,,,,,,,,,
,,,,,,,,,
,,,,,,,,,
,,,,,,,,,
,,,,,,,,,
,,,,,,,,,
,,,,,,,,,
,,,,,,,,,
,,,,,,,,,
,,,,,,,,,
,,,,,,,,,
,,,,,,,,,
,,,,,,,,,
,,,,,,,,,
,,,,,,,,,
,,,,,,,,,
,,,,,,,,,
,,,,,,,,,
,,,,,,,,,
,,,,,,,,,
,,,,,,,,,
,,,,,,,,,
,,,,,,,,,
,,,,,,,,,
,,,,,,,,,
,,,,,,,,,
,,,,,,,,,
,,,,,,,,,
,,,,,,,,,
,,,,,,,,,
,,,,,,,,,
,,,,,,,,,
,,,,,,,,,
,,,,,,,,,
,,,,,,,,,
,,,,,,,,,
,,,,,,,,,
,,,,,,,,,
,,,,,,,,,
,,,,,,,,,
,,,,,,,,,
,,,,,,,,,
,,,,,,,,,
,,,,,,,,,
,,,,,,,,,
,,,,,,,,,
,,,,,,,,,
,,,,,,,,,
,,,,,,,,,
,,,,,,,,,
,,,,,,,,,
,,,,,,,,,
,,,,,,,,,
,,,,,,,,,
,,,,,,,,,
,,,,,,,,,
,,,,,,,,,
,,,,,,,,,
,,,,,,,,,
,,,,,,,,,
,,,,,,,,,
,,,,,,,,,
,,,,,,,,,
,,,,,,,,,
,,,,,,,,,
,,,,,,,,,
,,,,,,,,,
,,,,,,,,,
,,,,,,,,,
,,,,,,,,,
,,,,,,,,,
,,,,,,,,,
,,,,,,,,,
,,,,,,,,,
,,,,,,,,,
,,,,,,,,,
,,,,,,,,,
,,,,,,,,,
,,,,,,,,,
,,,,,,,,,
,,,,,,,,,
,,,,,,,,,
,,,,,,,,,
,,,,,,,,,
,,,,,,,,,
,,,,,,,,,
,,,,,,,,,
,,,,,,,,,
,,,,,,,,,
,,,,,,,,,
,,,,,,,,,
,,,,,,,,,
,,,,,,,,,
,,,,,,,,,
,,,,,,,,,
,,,,,,,,,
,,,,,,,,,
,,,,,,,,,
,,,,,,,,,
,,,,,,,,,
,,,,,,,,,
,,,,,,,,,
,,,,,,,,,
,,,,,,,,,
,,,,,,,,,
,,,,,,,,,
,,,,,,,,,
,,,,,,,,,
,,,,,,,,,
,,,,,,,,,
,,,,,,,,,
,,,,,,,,,
,,,,,,,,,
,,,,,,,,,
,,,,,,,,,
,,,,,,,,,
,,,,,,,,,
,,,,,,,,,
,,,,,,,,,
,,,,,,,,,
,,,,,,,,,
,,,,,,,,,
,,,,,,,,,
,,,,,,,,,
,,,,,,,,,
,,,,,,,,,
,,,,,,,,,
,,,,,,,,,
,,,,,,,,,
,,,,,,,,,
,,,,,,,,,
,,,,,,,,,
,,,,,,,,,
,,,,,,,,,
,,,,,,,,,
,,,,,,,,,
,,,,,,,,,
,,,,,,,,,
,,,,,,,,,
,,,,,,,,,
,,,,,,,,,
,,,,,,,,,
,,,,,,,,,
,,,,,,,,,
,,,,,,,,,
,,,,,,,,,
,,,,,,,,,
,,,,,,,,,
,,,,,,,,,
,,,,,,,,,
,,,,,,,,,
,,,,,,,,,
,,,,,,,,,
,,,,,,,,,
,,,,,,,,,
,,,,,,,,,
,,,,,,,,,
,,,,,,,,,
,,,,,,,,,
,,,,,,,,,
,,,,,,,,,
,,,,,,,,,
,,,,,,,,,
,,,,,,,,,
,,,,,,,,,
,,,,,,,,,
,,,,,,,,,
,,,,,,,,,
,,,,,,,,,
,,,,,,,,,
,,,,,,,,,
,,,,,,,,,
,,,,,,,,,
,,,,,,,,,
,,,,,,,,,
,,,,,,,,,
,,,,,,,,,
,,,,,,,,,
,,,,,,,,,
,,,,,,,,,
,,,,,,,,,
,,,,,,,,,
,,,,,,,,,
,,,,,,,,,
,,,,,,,,,
,,,,,,,,,
,,,,,,,,,
,,,,,,,,,
,,,,,,,,,
,,,,,,,,,
,,,,,,,,,
,,,,,,,,,
,,,,,,,,,
,,,,,,,,,
,,,,,,,,,
,,,,,,,,,
,,,,,,,,,
,,,,,,,,,
,,,,,,,,,
,,,,,,,,,
,,,,,,,,,
,,,,,,,,,
,,,,,,,,,
,,,,,,,,,
,,,,,,,,,
,,,,,,,,,
,,,,,,,,,
,,,,,,,,,
,,,,,,,,,
,,,,,,,,,
,,,,,,,,,
,,,,,,,,,
,,,,,,,,,
,,,,,,,,,
,,,,,,,,,
,,,,,,,,,
,,,,,,,,,
,,,,,,,,,
,,,,,,,,,
,,,,,,,,,
,,,,,,,,,
,,,,,,,,,
,,,,,,,,,
,,,,,,,,,
,,,,,,,,,
,,,,,,,,,
,,,,,,,,,
,,,,,,,,,
,,,,,,,,,
,,,,,,,,,
,,,,,,,,,
,,,,,,,,,
,,,,,,,,,
,,,,,,,,,
,,,,,,,,,
,,,,,,,,,
,,,,,,,,,
,,,,,,,,,
,,,,,,,,,
,,,,,,,,,
,,,,,,,,,
,,,,,,,,,
,,,,,,,,,
,,,,,,,,,
,,,,,,,,,
,,,,,,,,,
,,,,,,,,,
,,,,,,,,,
,,,,,,,,,
,,,,,,,,,
,,,,,,,,,
,,,,,,,,,
,,,,,,,,,
,,,,,,,,,
,,,,,,,,,
,,,,,,,,,
,,,,,,,,,
,,,,,,,,,
,,,,,,,,,
,,,,,,,,,
,,,,,,,,,
,,,,,,,,,
,,,,,,,,,
,,,,,,,,,
,,,,,,,,,
,,,,,,,,,
,,,,,,,,,
,,,,,,,,,
,,,,,,,,,
,,,,,,,,,
,,,,,,,,,
,,,,,,,,,
,,,,,,,,,
,,,,,,,,,
,,,,,,,,,
,,,,,,,,,
,,,,,,,,,
,,,,,,,,,
,,,,,,,,,
,,,,,,,,,
,,,,,,,,,
,,,,,,,,,
,,,,,,,,,
,,,,,,,,,
,,,,,,,,,
,,,,,,,,,
,,,,,,,,,
,,,,,,,,,
,,,,,,,,,
,,,,,,,,,
,,,,,,,,,
,,,,,,,,,
,,,,,,,,,
,,,,,,,,,
,,,,,,,,,
,,,,,,,,,
,,,,,,,,,
,,,,,,,,,
,,,,,,,,,
,,,,,,,,,
,,,,,,,,,
,,,,,,,,,
,,,,,,,,,
,,,,,,,,,
,,,,,,,,,
,,,,,,,,,
,,,,,,,,,
,,,,,,,,,
,,,,,,,,,
,,,,,,,,,
,,,,,,,,,
,,,,,,,,,
,,,,,,,,,
,,,,,,,,,
,,,,,,,,,
,,,,,,,,,
,,,,,,,,,
,,,,,,,,,
,,,,,,,,,
,,,,,,,,,
,,,,,,,,,
,,,,,,,,,
,,,,,,,,,
,,,,,,,,,
,,,,,,,,,
,,,,,,,,,
,,,,,,,,,
,,,,,,,,,
,,,,,,,,,
,,,,,,,,,
,,,,,,,,,
,,,,,,,,,
,,,,,,,,,
,,,,,,,,,
,,,,,,,,,
,,,,,,,,,
,,,,,,,,,
,,,,,,,,,
,,,,,,,,,
,,,,,,,,,
,,,,,,,,,
,,,,,,,,,
,,,,,,,,,
,,,,,,,,,
,,,,,,,,,
,,,,,,,,,
,,,,,,,,,
,,,,,,,,,
,,,,,,,,,
,,,,,,,,,
,,,,,,,,,
,,,,,,,,,
,,,,,,,,,
,,,,,,,,,
,,,,,,,,,
,,,,,,,,,
,,,,,,,,,
,,,,,,,,,
,,,,,,,,,
,,,,,,,,,
,,,,,,,,,
,,,,,,,,,
,,,,,,,,,
,,,,,,,,,
,,,,,,,,,
,,,,,,,,,
,,,,,,,,,
,,,,,,,,,
,,,,,,,,,
,,,,,,,,,
,,,,,,,,,
,,,,,,,,,
,,,,,,,,,
,,,,,,,,,
,,,,,,,,,
,,,,,,,,,
,,,,,,,,,
,,,,,,,,,
,,,,,,,,,
,,,,,,,,,
,,,,,,,,,
,,,,,,,,,
,,,,,,,,,
,,,,,,,,,
,,,,,,,,,
,,,,,,,,,
,,,,,,,,,
,,,,,,,,,
,,,,,,,,,
,,,,,,,,,
,,,,,,,,,
,,,,,,,,,
,,,,,,,,,
,,,,,,,,,
,,,,,,,,,
,,,,,,,,,
,,,,,,,,,
,,,,,,,,,
,,,,,,,,,
,,,,,,,,,
,,,,,,,,,
,,,,,,,,,
,,,,,,,,,
,,,,,,,,,
,,,,,,,,,
,,,,,,,,,
,,,,,,,,,
,,,,,,,,,
,,,,,,,,,
,,,,,,,,,
,,,,,,,,,
,,,,,,,,,
,,,,,,,,,
,,,,,,,,,
,,,,,,,,,
,,,,,,,,,
,,,,,,,,,
,,,,,,,,,
,,,,,,,,,
,,,,,,,,,
,,,,,,,,,
,,,,,,,,,
,,,,,,,,,
,,,,,,,,,
,,,,,,,,,
,,,,,,,,,
,,,,,,,,,
,,,,,,,,,
,,,,,,,,,
,,,,,,,,,
,,,,,,,,,
,,,,,,,,,
,,,,,,,,,
,,,,,,,,,
,,,,,,,,,
,,,,,,,,,
,,,,,,,,,
,,,,,,,,,
,,,,,,,,,
,,,,,,,,,
,,,,,,,,,
,,,,,,,,,
,,,,,,,,,
,,,,,,,,,
,,,,,,,,,
,,,,,,,,,
,,,,,,,,,
,,,,,,,,,
,,,,,,,,,
,,,,,,,,,
,,,,,,,,,
,,,,,,,,,
,,,,,,,,,
,,,,,,,,,
,,,,,,,,,
,,,,,,,,,
,,,,,,,,,
,,,,,,,,,
,,,,,,,,,
,,,,,,,,,
,,,,,,,,,
,,,,,,,,,
,,,,,,,,,
,,,,,,,,,
,,,,,,,,,
,,,,,,,,,
,,,,,,,,,
,,,,,,,,,
,,,,,,,,,
,,,,,,,,,
,,,,,,,,,
,,,,,,,,,
,,,,,,,,,
,,,,,,,,,
,,,,,,,,,
,,,,,,,,,
,,,,,,,,,
,,,,,,,,,
,,,,,,,,,
,,,,,,,,,
,,,,,,,,,
,,,,,,,,,
,,,,,,,,,
,,,,,,,,,
,,,,,,,,,
,,,,,,,,,
,,,,,,,,,
,,,,,,,,,
,,,,,,,,,
,,,,,,,,,
,,,,,,,,,
,,,,,,,,,
,,,,,,,,,
,,,,,,,,,
,,,,,,,,,
,,,,,,,,,
,,,,,,,,,
,,,,,,,,,
,,,,,,,,,
,,,,,,,,,
,,,,,,,,,
,,,,,,,,,
,,,,,,,,,
,,,,,,,,,
,,,,,,,,,
,,,,,,,,,
,,,,,,,,,
,,,,,,,,,
,,,,,,,,,
,,,,,,,,,
,,,,,,,,,
,,,,,,,,,
,,,,,,,,,
,,,,,,,,,
,,,,,,,,,
,,,,,,,,,
,,,,,,,,,
,,,,,,,,,
,,,,,,,,,
,,,,,,,,,
,,,,,,,,,
,,,,,,,,,
,,,,,,,,,
,,,,,,,,,
,,,,,,,,,
,,,,,,,,,
,,,,,,,,,
,,,,,,,,,
,,,,,,,,,
,,,,,,,,,
,,,,,,,,,
,,,,,,,,,
,,,,,,,,,
,,,,,,,,,
,,,,,,,,,
,,,,,,,,,
,,,,,,,,,
,,,,,,,,,
,,,,,,,,,
,,,,,,,,,
,,,,,,,,,
,,,,,,,,,
,,,,,,,,,
,,,,,,,,,
,,,,,,,,,
,,,,,,,,,
,,,,,,,,,
,,,,,,,,,
,,,,,,,,,
,,,,,,,,,
,,,,,,,,,
,,,,,,,,,
,,,,,,,,,
,,,,,,,,,
,,,,,,,,,
,,,,,,,,,
,,,,,,,,,
,,,,,,,,,
,,,,,,,,,
,,,,,,,,,
,,,,,,,,,
,,,,,,,,,
,,,,,,,,,
,,,,,,,,,
,,,,,,,,,
,,,,,,,,,
,,,,,,,,,
,,,,,,,,,
,,,,,,,,,
,,,,,,,,,
,,,,,,,,,
,,,,,,,,,
,,,,,,,,,
,,,,,,,,,
,,,,,,,,,
,,,,,,,,,
,,,,,,,,,
,,,,,,,,,
,,,,,,,,,
,,,,,,,,,
,,,,,,,,,
,,,,,,,,,
,,,,,,,,,
,,,,,,,,,
,,,,,,,,,
,,,,,,,,,
,,,,,,,,,
,,,,,,,,,
,,,,,,,,,
,,,,,,,,,
,,,,,,,,,
,,,,,,,,,
,,,,,,,,,
,,,,,,,,,
,,,,,,,,,
,,,,,,,,,
,,,,,,,,,
,,,,,,,,,
,,,,,,,,,
,,,,,,,,,
,,,,,,,,,
,,,,,,,,,
,,,,,,,,,
,,,,,,,,,
,,,,,,,,,
,,,,,,,,,
,,,,,,,,,
,,,,,,,,,
,,,,,,,,,
,,,,,,,,,
,,,,,,,,,
,,,,,,,,,
,,,,,,,,,
,,,,,,,,,
,,,,,,,,,
,,,,,,,,,
,,,,,,,,,
,,,,,,,,,
,,,,,,,,,
,,,,,,,,,
,,,,,,,,,
,,,,,,,,,
,,,,,,,,,
,,,,,,,,,
,,,,,,,,,
,,,,,,,,,
,,,,,,,,,
,,,,,,,,,
,,,,,,,,,
,,,,,,,,,
,,,,,,,,,
,,,,,,,,,
,,,,,,,,,
,,,,,,,,,
,,,,,,,,,
,,,,,,,,,
,,,,,,,,,
,,,,,,,,,
,,,,,,,,,
,,,,,,,,,
,,,,,,,,,
,,,,,,,,,
,,,,,,,,,
,,,,,,,,,
,,,,,,,,,
,,,,,,,,,
,,,,,,,,,
,,,,,,,,,
,,,,,,,,,
,,,,,,,,,
,,,,,,,,,
,,,,,,,,,
,,,,,,,,,
,,,,,,,,,
,,,,,,,,,
,,,,,,,,,
,,,,,,,,,
,,,,,,,,,
,,,,,,,,,
,,,,,,,,,
,,,,,,,,,
,,,,,,,,,
,,,,,,,,,
,,,,,,,,,
,,,,,,,,,
,,,,,,,,,
,,,,,,,,,
,,,,,,,,,
,,,,,,,,,
,,,,,,,,,
,,,,,,,,,
,,,,,,,,,
,,,,,,,,,
,,,,,,,,,
,,,,,,,,,
,,,,,,,,,
,,,,,,,,,
,,,,,,,,,
,,,,,,,,,
,,,,,,,,,
,,,,,,,,,
,,,,,,,,,
,,,,,,,,,
,,,,,,,,,
,,,,,,,,,
,,,,,,,,,
,,,,,,,,,
,,,,,,,,,
,,,,,,,,,
,,,,,,,,,
,,,,,,,,,
,,,,,,,,,
,,,,,,,,,
,,,,,,,,,
,,,,,,,,,
,,,,,,,,,
,,,,,,,,,
,,,,,,,,,
,,,,,,,,,
,,,,,,,,,
,,,,,,,,,
,,,,,,,,,
,,,,,,,,,
,,,,,,,,,
,,,,,,,,,
,,,,,,,,,
,,,,,,,,,
,,,,,,,,,
,,,,,,,,,
,,,,,,,,,
,,,,,,,,,
,,,,,,,,,
,,,,,,,,,
,,,,,,,,,
,,,,,,,,,
,,,,,,,,,
,,,,,,,,,
,,,,,,,,,
,,,,,,,,,
,,,,,,,,,
,,,,,,,,,
,,,,,,,,,
,,,,,,,,,
,,,,,,,,,
,,,,,,,,,
,,,,,,,,,
,,,,,,,,,
,,,,,,,,,
,,,,,,,,,
,,,,,,,,,
,,,,,,,,,
,,,,,,,,,
,,,,,,,,,
,,,,,,,,,
,,,,,,,,,
,,,,,,,,,
,,,,,,,,,
,,,,,,,,,
,,,,,,,,,
,,,,,,,,,
,,,,,,,,,
,,,,,,,,,
,,,,,,,,,
,,,,,,,,,
,,,,,,,,,
,,,,,,,,,
,,,,,,,,,
,,,,,,,,,
,,,,,,,,,
,,,,,,,,,
,,,,,,,,,
,,,,,,,,,
,,,,,,,,,
,,,,,,,,,
,,,,,,,,,
,,,,,,,,,
,,,,,,,,,
,,,,,,,,,
,,,,,,,,,
,,,,,,,,,
,,,,,,,,,
,,,,,,,,,
,,,,,,,,,
,,,,,,,,,
,,,,,,,,,
,,,,,,,,,
,,,,,,,,,
,,,,,,,,,
,,,,,,,,,
,,,,,,,,,
,,,,,,,,,
,,,,,,,,,
,,,,,,,,,
,,,,,,,,,
,,,,,,,,,
,,,,,,,,,
,,,,,,,,,
,,,,,,,,,
,,,,,,,,,
,,,,,,,,,
,,,,,,,,,
,,,,,,,,,
,,,,,,,,,
,,,,,,,,,
,,,,,,,,,
,,,,,,,,,
,,,,,,,,,
,,,,,,,,,
,,,,,,,,,
,,,,,,,,,
,,,,,,,,,
,,,,,,,,,
,,,,,,,,,
,,,,,,,,,
,,,,,,,,,
,,,,,,,,,
,,,,,,,,,
,,,,,,,,,
,,,,,,,,,
,,,,,,,,,
,,,,,,,,,
,,,,,,,,,
,,,,,,,,,
,,,,,,,,,
,,,,,,,,,
,,,,,,,,,
,,,,,,,,,
,,,,,,,,,